review_number,revision_number,arquivo_positivo,potencial_deslocamento,potencial_teste,arquivo_diferente
36099,1,CouchbaseEnvironment_6.java,0,0,0
36214,1,BinaryCodec_4.java,0,0,0
36214,1,BinaryCodec_5.java,0,0,0
36215,2,BinaryMessageTest_1.java,0,1,0
36215,2,BinaryCodec_5.java,0,0,0
36215,2,BinaryCodec_5.java,0,0,0
36291,1,CouchbaseNode_6.java,0,0,1
36841,1,DefaultConfigurationProvider_1.java,0,0,0
36896,1,CouchbaseEnvironment_3.java,0,0,0
36896,1,CouchbaseEnvironment_3.java,0,0,0
36896,1,CouchbaseEnvironment_3.java,0,0,0
37025,1,BinaryCodec_0.java,0,0,0
37034,1,DefaultNodeInfo_1.java,0,0,0
37313,1,DefaultConfigurationProvider_6.java,0,0,0
37491,1,BinaryCodec_0.java,0,0,0
37594,1,CouchbaseEnvironment_7.java,0,0,0
37594,1,CouchbaseEnvironment_7.java,0,0,0
37594,1,CouchbaseEnvironment_7.java,0,0,0
37594,1,CouchbaseEnvironment_7.java,0,0,0
37594,1,DefaultConfigurationProviderTest_11.java,0,1,1
37594,1,DefaultConfigurationProviderTest_11.java,0,1,1
37703,1,ConfigLocator_13.java,0,0,1
37703,1,ConfigLocator_13.java,0,0,1
37772,1,CouchbaseNode_3.java,0,0,0
37772,1,CouchbaseNode_3.java,0,0,0
38200,1,ViewCodec_3.java,0,0,0
38200,1,ConfigLocator_9.java,0,0,0
38200,1,ConfigLocator_9.java,0,0,1
38200,1,ConfigLocator_9.java,0,0,1
38964,1,RequestHandler_5.java,0,0,0
38964,1,RequestHandler_4.java,0,0,0
38964,1,RequestHandler_4.java,0,0,0
38964,1,AbstractEndpoint_7.java,0,0,0
38964,1,AbstractEndpoint_7.java,0,0,0
38971,1,DefaultConfigurationProvider_1.java,0,0,0
38971,2,DefaultConfigurationProvider_1_rev_1.java,0,0,0
38971,3,DefaultConfigurationProvider_1_rev_1.java,0,0,0
38971,4,DefaultConfigurationProvider_1_rev_1.java,0,0,0
38971,4,HttpRefresher_12.java,0,0,0
38971,5,DefaultConfigurationProvider_1_rev_1.java,0,0,0
38971,5,HttpRefresher_12.java,0,0,0
38971,6,DefaultConfigurationProvider_1_rev_1.java,0,0,0
38971,6,AbstractBinaryResponse_17.java,0,0,1
38971,6,AbstractCouchbaseResponse_16.java,0,0,1
38971,6,AbstractCouchbaseResponse_16.java,0,0,1
38971,6,AbstractCouchbaseResponse_16.java,0,0,1
38971,6,AbstractCouchbaseResponse_16.java,0,0,1
38971,6,AbstractCouchbaseResponse_16.java,0,0,1
38971,6,HttpRefresher_12.java,0,0,0
39112,1,BinaryCodec_1.java,0,0,0
39112,2,FlushTest_3.java,0,1,0
39112,3,FlushTest_3.java,0,1,0
39112,4,BinaryCodec_4.java,0,0,0
39112,4,FlushTest_3.java,0,1,0
39112,4,BinaryCodec_5.java,0,0,0
39112,5,BinaryCodec_4,0,0,0
39112,5,FlushTest_3,0,1,0
39112,5,BinaryCodec_5,0,0,0
39263,1,BinaryCodec_2.java,0,0,0
39433,1,BinaryCodec_1.java,0,0,0
39741,1,ConfigCodec_3.java,0,0,0
39741,5,PartitionSelectionStrategy_16.java,0,0,0
39741,6,CouchbaseNode_16.java,0,0,0
39741,6,CouchbaseNode_16.java,0,0,0
39741,6,CouchbaseNode_16.java,0,0,1
39741,6,PartitionSelectionStrategy_16,0,0,0
39741,8,CouchbaseNode_16.java,0,0,0
39741,8,CouchbaseNode_16.java,0,0,0
39741,8,CouchbaseNode_16.java,0,0,1
39741,8,PartitionSelectionStrategy_16,0,0,0
39741,9,CouchbaseNode_16,0,0,0
39741,9,CouchbaseNode_16,0,0,0
39741,9,CouchbaseNode_16,0,0,1
39741,9,PartitionSelectionStrategy_16,0,0,0
40693,1,DefaultCoreEnvironment_4.java,1,0,1
40693,1,DefaultCoreEnvironment_4.java,1,0,1
40796,1,DefaultConfigurationProvider_0.java,0,0,1
40826,1,CouchbaseCore_0.java,0,0,0
40834,1,ConfigLocator_2.java,0,0,0
40834,1,ConfigLocator_2.java,0,0,1
40834,1,ConfigLocator_2.java,0,0,1
40879,1,AbstractService_1.java,0,0,0
40879,1,AbstractService_1.java,0,0,0
40879,1,AbstractService_0.java,0,0,0
40970,1,DefaultMemcachedBucketConfig_0.java,0,0,1
40970,1,DefaultMemcachedBucketConfig_0.java,0,0,1
41434,1,ViewHandlerTest_0.java,0,1,0
41436,1,DefaultCoreEnvironment_1.java,0,0,0
41436,2,DefaultCoreEnvironment_1.java,0,0,0
41436,3,DefaultCoreEnvironment_1.java,0,0,0
42230,1,RequestHandler_0.java,0,0,0
42230,2,RequestHandler_0.java,0,0,0
42292,1,ResponseEvent_1.java,0,0,1
42292,1,ResponseEvent_1.java,0,0,1
42292,1,ResponseEvent_1.java,0,0,1
42292,1,RequestEvent_0.java,0,0,1
42292,1,RequestEvent_0.java,0,0,1
42292,1,RequestEvent_0.java,0,0,1
42292,2,ResponseEvent_1.java,0,0,1
42292,2,ResponseEvent_1.java,0,0,1
42292,2,ResponseEvent_1.java,0,0,1
42292,2,RequestEvent_0.java,0,0,1
42292,2,RequestEvent_0.java,0,0,1
42292,2,RequestEvent_0.java,0,0,1
42292,3,ResponseEvent_1.java,0,0,1
42292,3,ResponseEvent_1.java,0,0,1
42292,3,ResponseEvent_1.java,0,0,1
42292,3,RequestEvent_0.java,0,0,1
42292,3,RequestEvent_0.java,0,0,1
42292,3,RequestEvent_0.java,0,0,1
42292,4,ResponseEvent_1.java,0,0,1
42292,4,ResponseEvent_1.java,0,0,1
42292,4,ResponseEvent_1.java,0,0,1
42292,4,RequestEvent_0.java,0,0,1
42292,4,RequestEvent_0.java,0,0,1
42292,4,RequestEvent_0.java,0,0,1
42292,5,ResponseEvent_1.java,0,0,1
42292,5,ResponseEvent_1.java,0,0,1
42292,5,ResponseEvent_1.java,0,0,1
42292,5,RequestEvent_0.java,0,0,1
42292,5,RequestEvent_0.java,0,0,1
42292,5,RequestEvent_0.java,0,0,1
43128,1,AbstractService_11.java,0,0,0
43128,1,AbstractCouchbaseLogger_7.java,0,0,0
43128,1,AbstractCouchbaseLogger_7.java,0,0,0
43128,1,AbstractCouchbaseLogger_7.java,0,0,0
43128,1,AbstractCouchbaseLogger_7.java,0,0,0
43128,1,AbstractCouchbaseLogger_7.java,0,0,0
43128,1,AbstractCouchbaseLogger_7.java,0,0,0
43128,1,AbstractCouchbaseLogger_5.java,0,0,0
43128,1,AbstractService_12.java,0,0,0
43128,1,AbstractService_12.java,0,0,0
43128,1,AbstractCouchbaseLogger_8.java,0,0,0
43128,1,AbstractCouchbaseLogger_8.java,0,0,0
43128,1,AbstractCouchbaseLogger_8.java,0,0,0
43128,1,AbstractBinaryMemcacheDecoder_14.java,0,0,0
43128,1,DefaultCouchbaseBucketConfig_4.java,0,0,0
43128,1,AbstractBinaryMemcacheDecoder_15.java,0,0,0
43128,1,AbstractCouchbaseLogger_6.java,0,0,0
43128,1,AbstractCouchbaseLogger_6.java,0,0,0
43128,1,AbstractCouchbaseLogger_6.java,0,0,0
43128,1,AbstractCouchbaseLogger_6.java,0,0,0
43128,1,AbstractCouchbaseLogger_6.java,0,0,0
43128,1,AbstractCouchbaseLogger_6.java,0,0,0
43128,1,DefaultCouchbaseBucketConfig_3.java,0,0,0
43128,1,CouchbaseCore_0.java,0,0,0
43128,1,CouchbaseCore_0.java,0,0,0
43128,1,AbstractBinaryMemcacheDecoder_13.java,0,0,0
43128,1,DefaultConfigurationProvider_2.java,0,0,0
43128,1,AbstractCouchbaseLogger_10.java,0,0,0
43128,1,AbstractCouchbaseLogger_10.java,0,0,0
43128,1,AbstractCouchbaseLogger_10.java,0,0,0
43128,1,AbstractCouchbaseLogger_9.java,0,0,0
43128,1,AbstractCouchbaseLogger_9.java,0,0,0
43128,1,AbstractCouchbaseLogger_9.java,0,0,0
43128,2,AbstractService_11.java,0,0,0
43128,2,AbstractCouchbaseLogger_7.java,0,0,0
43128,2,AbstractCouchbaseLogger_7.java,0,0,0
43128,2,AbstractCouchbaseLogger_7.java,0,0,0
43128,2,AbstractCouchbaseLogger_7.java,0,0,0
43128,2,AbstractCouchbaseLogger_7.java,0,0,0
43128,2,AbstractCouchbaseLogger_7.java,0,0,0
43128,2,AbstractCouchbaseLogger_5.java,0,0,0
43128,2,AbstractService_12.java,0,0,0
43128,2,AbstractService_12.java,0,0,0
43128,2,AbstractCouchbaseLogger_8.java,0,0,0
43128,2,AbstractCouchbaseLogger_8.java,0,0,0
43128,2,AbstractCouchbaseLogger_8.java,0,0,0
43128,2,AbstractBinaryMemcacheDecoder_14.java,0,0,0
43128,2,DefaultCouchbaseBucketConfig_4.java,0,0,0
43128,2,AbstractBinaryMemcacheDecoder_15.java,0,0,0
43128,2,AbstractCouchbaseLogger_6.java,0,0,0
43128,2,AbstractCouchbaseLogger_6.java,0,0,0
43128,2,AbstractCouchbaseLogger_6.java,0,0,0
43128,2,AbstractCouchbaseLogger_6.java,0,0,0
43128,2,AbstractCouchbaseLogger_6.java,0,0,0
43128,2,AbstractCouchbaseLogger_6.java,0,0,0
43128,2,DefaultCouchbaseBucketConfig_3.java,0,0,0
43128,2,CouchbaseCore_0.java,0,0,0
43128,2,CouchbaseCore_0.java,0,0,0
43128,2,AbstractBinaryMemcacheDecoder_13.java,0,0,0
43128,2,DefaultConfigurationProvider_2.java,0,0,0
43128,2,AbstractCouchbaseLogger_10.java,0,0,0
43128,2,AbstractCouchbaseLogger_10.java,0,0,0
43128,2,AbstractCouchbaseLogger_10.java,0,0,0
43128,2,AbstractCouchbaseLogger_9.java,0,0,0
43128,2,AbstractCouchbaseLogger_9.java,0,0,0
43128,2,AbstractCouchbaseLogger_9.java,0,0,0
43128,3,AbstractService_11.java,0,0,0
43128,3,AbstractCouchbaseLogger_7.java,0,0,0
43128,3,AbstractCouchbaseLogger_7.java,0,0,0
43128,3,AbstractCouchbaseLogger_7.java,0,0,0
43128,3,AbstractCouchbaseLogger_7.java,0,0,0
43128,3,AbstractCouchbaseLogger_7.java,0,0,0
43128,3,AbstractCouchbaseLogger_7.java,0,0,0
43128,3,AbstractCouchbaseLogger_5.java,0,0,0
43128,3,AbstractService_12.java,0,0,0
43128,3,AbstractService_12.java,0,0,0
43128,3,AbstractCouchbaseLogger_8.java,0,0,0
43128,3,AbstractCouchbaseLogger_8.java,0,0,0
43128,3,AbstractCouchbaseLogger_8.java,0,0,0
43128,3,AbstractBinaryMemcacheDecoder_14.java,0,0,0
43128,3,DefaultCouchbaseBucketConfig_4.java,0,0,0
43128,3,AbstractBinaryMemcacheDecoder_15.java,0,0,0
43128,3,AbstractCouchbaseLogger_6.java,0,0,0
43128,3,AbstractCouchbaseLogger_6.java,0,0,0
43128,3,AbstractCouchbaseLogger_6.java,0,0,0
43128,3,AbstractCouchbaseLogger_6.java,0,0,0
43128,3,AbstractCouchbaseLogger_6.java,0,0,0
43128,3,AbstractCouchbaseLogger_6.java,0,0,0
43128,3,DefaultCouchbaseBucketConfig_3.java,0,0,0
43128,3,CouchbaseCore_0.java,0,0,0
43128,3,CouchbaseCore_0.java,0,0,0
43128,3,AbstractBinaryMemcacheDecoder_13.java,0,0,0
43128,3,DefaultConfigurationProvider_2.java,0,0,0
43128,3,AbstractCouchbaseLogger_10.java,0,0,0
43128,3,AbstractCouchbaseLogger_10.java,0,0,0
43128,3,AbstractCouchbaseLogger_10.java,0,0,0
43128,3,AbstractCouchbaseLogger_9.java,0,0,0
43128,3,AbstractCouchbaseLogger_9.java,0,0,0
43128,3,AbstractCouchbaseLogger_9.java,0,0,0
43128,4,AbstractService_11.java,0,0,0
43128,4,AbstractCouchbaseLogger_7.java,0,0,0
43128,4,AbstractCouchbaseLogger_7.java,0,0,0
43128,4,AbstractCouchbaseLogger_7.java,0,0,0
43128,4,AbstractCouchbaseLogger_7.java,0,0,0
43128,4,AbstractCouchbaseLogger_7.java,0,0,0
43128,4,AbstractCouchbaseLogger_7.java,0,0,0
43128,4,AbstractCouchbaseLogger_5.java,0,0,0
43128,4,AbstractService_12.java,0,0,0
43128,4,AbstractService_12.java,0,0,0
43128,4,AbstractCouchbaseLogger_8.java,0,0,0
43128,4,AbstractCouchbaseLogger_8.java,0,0,0
43128,4,AbstractCouchbaseLogger_8.java,0,0,0
43128,4,AbstractBinaryMemcacheDecoder_14.java,0,0,0
43128,4,DefaultCouchbaseBucketConfig_4.java,0,0,0
43128,4,AbstractBinaryMemcacheDecoder_15.java,0,0,0
43128,4,AbstractCouchbaseLogger_6.java,0,0,0
43128,4,AbstractCouchbaseLogger_6.java,0,0,0
43128,4,AbstractCouchbaseLogger_6.java,0,0,0
43128,4,AbstractCouchbaseLogger_6.java,0,0,0
43128,4,AbstractCouchbaseLogger_6.java,0,0,0
43128,4,AbstractCouchbaseLogger_6.java,0,0,0
43128,4,DefaultCouchbaseBucketConfig_3.java,0,0,0
43128,4,CouchbaseCore_0.java,0,0,0
43128,4,CouchbaseCore_0.java,0,0,0
43128,4,AbstractBinaryMemcacheDecoder_13.java,0,0,0
43128,4,DefaultConfigurationProvider_2.java,0,0,0
43128,4,AbstractCouchbaseLogger_10.java,0,0,0
43128,4,AbstractCouchbaseLogger_10.java,0,0,0
43128,4,AbstractCouchbaseLogger_10.java,0,0,0
43128,4,AbstractCouchbaseLogger_9.java,0,0,0
43128,4,AbstractCouchbaseLogger_9.java,0,0,0
43128,4,AbstractCouchbaseLogger_9.java,0,0,0
43474,1,AbstractService_0.java,0,0,0
43474,1,AbstractService_0.java,0,0,0
43474,2,AbstractService_0.java,0,0,0
43474,2,AbstractService_0.java,0,0,0
43474,3,AbstractService_0.java,0,0,0
43474,3,AbstractService_0.java,0,0,0
43477,1,ConfigHandler_0.java,0,0,0
43477,2,ConfigHandler_0.java,0,0,0
43477,3,ConfigHandler_0.java,0,0,0
44521,1,Observe_1.java,0,0,0
44521,2,Observe_1.java,0,0,0
44521,3,Observe_1.java,0,0,0
44748,1,HttpRefresher_1.java,0,0,0
44748,1,HttpRefresher_1.java,0,0,0
44748,1,HttpRefresherTest_2.java,0,1,0
44748,1,HttpRefresherTest_2.java,0,1,0
44748,2,HttpRefresher_1.java,0,0,0
44748,2,HttpRefresher_1.java,0,0,0
44748,2,HttpRefresherTest_2.java,0,1,0
44748,2,HttpRefresherTest_2.java,0,1,0
44762,1,Tuple2_0.java,0,0,1
44762,1,Tuple2_0.java,0,0,1
44762,1,Tuple2_0.java,0,0,1
44762,1,Tuple2_0.java,0,0,1
44762,1,Tuple2_0.java,0,0,1
44762,2,Tuple2_0.java,0,0,1
44762,2,Tuple2_0.java,0,0,1
44762,2,Tuple2_0.java,0,0,1
44762,2,Tuple2_0.java,0,0,1
44762,2,Tuple2_0.java,0,0,1
44768,1,HttpRefresher_1.java,0,0,0
44768,1,HttpRefresher_1.java,0,0,0
44768,1,HttpRefresherTest_2.java,0,1,0
44768,1,HttpRefresherTest_2.java,0,1,0
44768,2,HttpRefresher_1.java,0,0,0
44768,2,HttpRefresher_1.java,0,0,0
44768,2,HttpRefresherTest_2.java,0,1,0
44768,2,HttpRefresherTest_2.java,0,1,0
44772,1,Tuple2_0.java,0,0,1
44772,1,Tuple2_0.java,0,0,1
44772,1,Tuple2_0.java,0,0,1
44772,1,Tuple2_0.java,0,0,1
44772,1,Tuple2_0.java,0,0,1
44772,2,Tuple2_0.java,0,0,1
44772,2,Tuple2_0.java,0,0,1
44772,2,Tuple2_0.java,0,0,1
44772,2,Tuple2_0.java,0,0,1
44772,2,Tuple2_0.java,0,0,1
44780,1,QueryHandlerTest_17.java,0,1,0
44780,1,QueryHandlerTest_17.java,0,1,0
44780,1,QueryHandlerTest_17.java,0,1,1
44780,1,QueryHandlerTest_17.java,0,1,1
44780,1,QueryHandlerTest_17.java,0,1,1
44780,1,QueryHandlerTest_17.java,0,1,1
44780,1,QueryHandlerTest_17.java,0,1,1
44780,1,QueryHandlerTest_17.java,0,1,1
44780,1,QueryHandlerTest_17.java,0,1,1
44780,1,QueryHandlerTest_17.java,0,1,1
44780,1,QueryHandlerTest_17.java,0,1,1
44780,2,QueryHandlerTest_17,0,1,0
44780,2,QueryHandlerTest_17,0,1,0
44780,2,QueryHandlerTest_17,0,1,1
44780,2,QueryHandlerTest_17,0,1,1
44780,2,QueryHandlerTest_17,0,1,1
44780,2,QueryHandlerTest_17,0,1,1
44780,2,QueryHandlerTest_17,0,1,1
44780,2,QueryHandlerTest_17,0,1,1
44780,2,QueryHandlerTest_17,0,1,1
44780,2,QueryHandlerTest_17,0,1,1
44780,2,QueryHandlerTest_17,0,1,1
44780,3,QueryHandlerTest_18_rev_2.java,0,1,0
44780,3,QueryHandlerTest_18_rev_2.java,0,1,0
44780,3,QueryHandlerTest_18_rev_2.java,0,1,1
44780,3,QueryHandlerTest_18_rev_2.java,0,1,1
44780,3,QueryHandlerTest_18_rev_2.java,0,1,1
44780,3,QueryHandlerTest_18_rev_2.java,0,1,1
44780,3,QueryHandlerTest_18_rev_2.java,0,1,1
44780,3,QueryHandlerTest_18_rev_2.java,0,1,1
44780,3,QueryHandlerTest_18_rev_2.java,0,1,1
44780,3,QueryHandlerTest_18_rev_2.java,0,1,1
44780,3,QueryHandlerTest_18_rev_2.java,0,1,1
44780,4,QueryHandlerTest_18_rev_2.java,0,1,0
44780,4,QueryHandlerTest_18_rev_2.java,0,1,0
44780,4,QueryHandlerTest_18_rev_2.java,0,1,1
44780,4,QueryHandlerTest_18_rev_2.java,0,1,1
44780,4,QueryHandlerTest_18_rev_2.java,0,1,1
44780,4,QueryHandlerTest_18_rev_2.java,0,1,1
44780,4,QueryHandlerTest_18_rev_2.java,0,1,1
44780,4,QueryHandlerTest_18_rev_2.java,0,1,1
44780,4,QueryHandlerTest_18_rev_2.java,0,1,1
44780,4,QueryHandlerTest_18_rev_2.java,0,1,1
44780,4,QueryHandlerTest_18_rev_2.java,0,1,1
44780,5,QueryHandlerTest_18_rev_2.java,0,1,0
44780,5,QueryHandlerTest_18_rev_2.java,0,1,0
44780,5,QueryHandlerTest_18_rev_2.java,0,1,1
44780,5,QueryHandlerTest_18_rev_2.java,0,1,1
44780,5,QueryHandlerTest_18_rev_2.java,0,1,1
44780,5,QueryHandlerTest_18_rev_2.java,0,1,1
44780,5,QueryHandlerTest_18_rev_2.java,0,1,1
44780,5,QueryHandlerTest_18_rev_2.java,0,1,1
44780,5,QueryHandlerTest_18_rev_2.java,0,1,1
44780,5,QueryHandlerTest_18_rev_2.java,0,1,1
44780,5,QueryHandlerTest_18_rev_2.java,0,1,1
44780,6,QueryHandlerTest_18_rev_2.java,0,1,0
44780,6,QueryHandlerTest_18_rev_2.java,0,1,0
44780,6,QueryHandlerTest_18_rev_2.java,0,1,1
44780,6,QueryHandlerTest_18_rev_2.java,0,1,1
44780,6,QueryHandlerTest_18_rev_2.java,0,1,1
44780,6,QueryHandlerTest_18_rev_2.java,0,1,1
44780,6,QueryHandlerTest_18_rev_2.java,0,1,1
44780,6,QueryHandlerTest_18_rev_2.java,0,1,1
44780,6,QueryHandlerTest_18_rev_2.java,0,1,1
44780,6,QueryHandlerTest_18_rev_2.java,0,1,1
44780,6,QueryHandlerTest_18_rev_2.java,0,1,1
44780,7,QueryHandlerTest_18_rev_2.java,0,1,0
44780,7,QueryHandlerTest_18_rev_2.java,0,1,0
44780,7,QueryHandlerTest_18_rev_2.java,0,1,1
44780,7,QueryHandlerTest_18_rev_2.java,0,1,1
44780,7,QueryHandlerTest_18_rev_2.java,0,1,1
44780,7,QueryHandlerTest_18_rev_2.java,0,1,1
44780,7,QueryHandlerTest_18_rev_2.java,0,1,1
44780,7,QueryHandlerTest_18_rev_2.java,0,1,1
44780,7,QueryHandlerTest_18_rev_2.java,0,1,1
44780,7,QueryHandlerTest_18_rev_2.java,0,1,1
44780,7,QueryHandlerTest_18_rev_2.java,0,1,1
44780,8,QueryHandlerTest_18_rev_2.java,0,1,0
44780,8,QueryHandlerTest_18_rev_2.java,0,1,0
44780,8,QueryHandlerTest_18_rev_2.java,0,1,1
44780,8,QueryHandlerTest_18_rev_2.java,0,1,1
44780,8,QueryHandlerTest_18_rev_2.java,0,1,1
44780,8,QueryHandlerTest_18_rev_2.java,0,1,1
44780,8,QueryHandlerTest_18_rev_2.java,0,1,1
44780,8,QueryHandlerTest_18_rev_2.java,0,1,1
44780,8,QueryHandlerTest_18_rev_2.java,0,1,1
44780,8,QueryHandlerTest_18_rev_2.java,0,1,1
44780,8,QueryHandlerTest_18_rev_2.java,0,1,1
44802,1,RequestHandler_0.java,0,0,0
44802,1,ResponseHandler_2.java,0,0,0
44802,1,RequestHandler_1.java,0,0,0
44802,2,RequestHandler_0.java,0,0,0
44802,2,ResponseHandler_2.java,0,0,0
44802,2,RequestHandler_1.java,0,0,0
44802,3,RequestHandler_0.java,0,0,0
44802,3,ResponseHandler_2.java,0,0,0
44802,3,RequestHandler_1.java,0,0,0
44837,1,CarrierRefresher_4.java,0,0,0
44837,1,CarrierRefresher_4.java,0,0,0
44837,1,CarrierRefresher_3.java,0,0,0
44837,1,CarrierRefresher_3.java,0,0,0
44837,2,CarrierRefresher_3,0,0,0
44837,2,CarrierRefresher_3,0,0,0
44837,2,CarrierRefresherTest_6.java,0,1,0
44837,2,CarrierRefresherTest_6.java,0,1,0
44837,3,CarrierRefresher_3,0,0,0
44837,3,CarrierRefresher_3,0,0,0
44837,3,CarrierRefresherTest_6_rev_2.java,0,1,0
44837,3,CarrierRefresherTest_6_rev_2.java,0,1,0
44837,3,CarrierRefresher_2.java,0,0,0
44837,3,CarrierRefresher_2.java,0,0,0
44837,4,CarrierRefresher_3,0,0,0
44837,4,CarrierRefresher_3,0,0,0
44837,4,CarrierRefresherTest_6_rev_2.java,0,1,0
44837,4,CarrierRefresherTest_6_rev_2.java,0,1,0
44837,4,CarrierRefresher_2.java,0,0,0
44837,4,CarrierRefresher_2.java,0,0,0
44910,1,RequestHandler_0.java,0,0,0
44910,1,ResponseHandler_2.java,0,0,0
44910,1,RequestHandler_1.java,0,0,0
44910,2,RequestHandler_0.java,0,0,0
44910,2,ResponseHandler_2.java,0,0,0
44910,2,RequestHandler_1.java,0,0,0
44911,1,CarrierRefresher_4.java,0,0,0
44911,1,CarrierRefresher_4.java,0,0,0
44911,1,CarrierRefresherTest_6.java,0,1,0
44911,1,CarrierRefresherTest_6.java,0,1,0
44911,1,CarrierRefresher_2.java,0,0,0
44911,1,CarrierRefresher_2.java,0,0,0
44911,2,CarrierRefresher_4.java,0,0,0
44911,2,CarrierRefresher_4.java,0,0,0
44911,2,CarrierRefresherTest_6.java,0,1,0
44911,2,CarrierRefresherTest_6.java,0,1,0
44911,2,CarrierRefresher_2.java,0,0,0
44911,2,CarrierRefresher_2.java,0,0,0
45275,1,FlushTest_0.java,0,1,0
45275,1,ViewMessageTest_1.java,0,1,1
45275,1,ViewMessageTest_1.java,0,1,1
45275,1,ViewMessageTest_1.java,0,1,1
45275,1,ViewMessageTest_1.java,0,1,1
45275,2,FlushTest_0.java,0,1,0
45275,2,ViewMessageTest_1.java,0,1,1
45275,2,ViewMessageTest_1.java,0,1,1
45275,2,ViewMessageTest_1.java,0,1,1
45275,2,ViewMessageTest_1.java,0,1,1
45275,3,FlushTest_0.java,0,1,0
45275,3,ViewMessageTest_1.java,0,1,1
45275,3,ViewMessageTest_1.java,0,1,1
45275,3,ViewMessageTest_1.java,0,1,1
45275,3,ViewMessageTest_1.java,0,1,1
45275,4,FlushTest_0.java,0,1,0
45275,4,ViewMessageTest_1.java,0,1,1
45275,4,ViewMessageTest_1.java,0,1,1
45275,4,ViewMessageTest_1.java,0,1,1
45275,4,ViewMessageTest_1.java,0,1,1
45435,1,QueryHandler_0.java,0,0,0
45435,2,QueryHandler_0.java,0,0,0
45867,1,ResponseHandler_0.java,0,0,0
45867,2,ResponseHandler_0.java,0,0,0
45915,1,RequestHandlerTest_6.java,0,1,1
45915,1,RequestHandlerTest_6.java,0,1,1
45915,1,RequestHandlerTest_6.java,0,1,1
45915,1,RequestHandlerTest_6.java,0,1,1
45915,2,RequestHandlerTest_6.java,0,1,1
45915,2,RequestHandlerTest_6.java,0,1,1
45915,2,RequestHandlerTest_6.java,0,1,1
45915,2,RequestHandlerTest_6.java,0,1,1
45915,3,RequestHandlerTest_6.java,0,1,1
45915,3,RequestHandlerTest_6.java,0,1,1
45915,3,RequestHandlerTest_6.java,0,1,1
45915,3,RequestHandlerTest_6.java,0,1,1
45915,4,RequestHandlerTest_6.java,0,1,1
45915,4,RequestHandlerTest_6.java,0,1,1
45915,4,RequestHandlerTest_6.java,0,1,1
45915,4,RequestHandlerTest_6.java,0,1,1
45915,5,RequestHandlerTest_6.java,0,1,1
45915,5,RequestHandlerTest_6.java,0,1,1
45915,5,RequestHandlerTest_6.java,0,1,1
45915,5,RequestHandlerTest_6.java,0,1,1
46591,1,ObserveTest_1.java,0,1,0
46591,1,ObserveTest_1.java,0,1,0
46591,2,ObserveTest_1.java,0,1,0
46591,2,ObserveTest_1.java,0,1,0
46943,1,QueryHandler_0.java,0,0,0
46943,1,QueryHandler_0.java,0,0,1
46943,2,QueryHandler_0.java,0,0,0
46943,2,QueryHandler_0.java,0,0,1
47276,1,RequestHandler_0.java,0,0,0
47276,2,RequestHandler_0.java,0,0,0
47276,3,RequestHandler_0.java,0,0,0
47405,1,CouchbaseNode_0.java,0,0,0
47405,1,CouchbaseNode_0.java,0,0,0
47405,2,CouchbaseNode_0.java,0,0,0
47405,2,CouchbaseNode_0.java,0,0,0
47610,1,KeyValueHandlerTest_2.java,0,1,0
47610,1,DCPHandler_1.java,0,0,0
47610,2,DCPHandler_1.java,0,0,0
47610,3,DCPHandler_1.java,0,0,0
47610,4,DCPHandler_1.java,0,0,0
47855,1,CarrierRefresher_4.java,0,0,0
47855,1,CarrierLoader_1.java,0,0,0
47855,1,CarrierLoader_1.java,0,0,0
47855,1,CarrierRefresher_2.java,0,0,0
47855,1,CarrierRefresher_3.java,0,0,0
47855,1,CarrierLoader_0.java,0,0,0
47855,1,CarrierLoader_0.java,0,0,1
47855,2,CarrierRefresher_4.java,0,0,0
47855,2,CarrierLoader_1.java,0,0,0
47855,2,CarrierLoader_1.java,0,0,0
47855,2,CarrierRefresher_2.java,0,0,0
47855,2,CarrierRefresher_3.java,0,0,0
47855,2,CarrierLoader_0.java,0,0,0
47855,2,CarrierLoader_0.java,0,0,1
48005,1,DefaultCoreEnvironment_0.java,0,0,0
48005,2,DefaultCoreEnvironment_0.java,0,0,0
48159,2,CarrierLoader_1.java,0,0,0
48159,2,CarrierRefresher_2.java,0,0,0
48159,2,CarrierRefresher_3.java,0,0,0
48159,3,CarrierLoader_1.java,0,0,0
48159,3,CarrierRefresher_2.java,0,0,0
48159,3,CarrierRefresher_3.java,0,0,0
48159,4,CarrierLoader_1.java,0,0,0
48159,4,CarrierRefresher_2.java,0,0,0
48159,4,CarrierRefresher_3.java,0,0,0
48159,5,CarrierLoader_1.java,0,0,0
48159,5,CarrierRefresher_2.java,0,0,0
48159,5,CarrierRefresher_3.java,0,0,0
48159,6,CarrierRefresher_3,0,0,0
48159,6,CarrierRefresher_2,0,0,0
48159,6,CarrierLoader_1,0,0,0
48159,7,CarrierRefresher_3,0,0,0
48159,7,CarrierRefresher_2,0,0,0
48159,7,CarrierLoader_1,0,0,0
48159,8,CarrierRefresher_3,0,0,0
48159,8,CarrierLoader_1,0,0,0
48159,8,CarrierRefresher_2,0,0,0
48159,9,CarrierRefresher_3,0,0,0
48159,9,CarrierLoader_1,0,0,0
48159,9,CarrierRefresher_2,0,0,0
48159,10,CarrierRefresher_3,0,0,0
48159,10,CarrierLoader_1,0,0,0
48159,10,CarrierRefresher_2,0,0,0
48159,11,Observe_16.java,0,0,0
48159,11,Observe_16.java,0,0,0
48159,11,CarrierRefresherTest_19.java,0,1,0
48159,11,CarrierRefresherTest_19.java,0,1,0
48159,11,CarrierRefresherTest_19.java,0,1,0
48159,11,CarrierRefresherTest_19.java,0,1,0
48159,11,CarrierRefresherTest_19.java,0,1,0
48159,11,CarrierRefresherTest_19.java,0,1,0
48159,11,CarrierLoader_7.java,0,0,0
48159,11,CarrierLoader_7.java,0,0,1
48159,11,CarrierRefresher_3,0,0,0
48159,11,CarrierRefresher_11.java,0,0,0
48159,11,CarrierLoader_8.java,0,0,0
48159,12,Observe_16.java,0,0,0
48159,12,Observe_16.java,0,0,0
48159,12,CarrierRefresherTest_19.java,0,1,0
48159,12,CarrierRefresherTest_19.java,0,1,0
48159,12,CarrierRefresherTest_19.java,0,1,0
48159,12,CarrierRefresherTest_19.java,0,1,0
48159,12,CarrierRefresherTest_19.java,0,1,0
48159,12,CarrierRefresherTest_19.java,0,1,0
48159,12,CarrierLoader_7.java,0,0,0
48159,12,CarrierLoader_7.java,0,0,1
48159,12,CarrierRefresher_3,0,0,0
48159,12,CarrierRefresher_11.java,0,0,0
48159,12,CarrierLoader_8.java,0,0,0
48159,13,Observe_16.java,0,0,0
48159,13,Observe_16.java,0,0,0
48159,13,CarrierRefresherTest_19.java,0,1,0
48159,13,CarrierRefresherTest_19.java,0,1,0
48159,13,CarrierRefresherTest_19.java,0,1,0
48159,13,CarrierRefresherTest_19.java,0,1,0
48159,13,CarrierRefresherTest_19.java,0,1,0
48159,13,CarrierRefresherTest_19.java,0,1,0
48159,13,CarrierLoader_7.java,0,0,0
48159,13,CarrierLoader_7.java,0,0,1
48159,13,CarrierRefresher_3,0,0,0
48159,13,CarrierRefresher_11.java,0,0,0
48159,13,CarrierLoader_8.java,0,0,0
48414,1,RequestHandlerTest_0.java,0,1,0
48414,1,RequestHandlerTest_0.java,0,1,0
48414,2,RequestHandlerTest_0.java,0,1,0
48414,2,RequestHandlerTest_0.java,0,1,0
48680,1,AbstractDynamicService_2.java,0,0,1
48680,2,AbstractDynamicService_2.java,0,0,1
48680,3,AbstractDynamicService_2.java,0,0,1
48680,4,AbstractDynamicService_2.java,0,0,1
48693,1,QueryHandlerTest_3.java,0,1,0
48693,1,QueryHandlerTest_3.java,0,1,0
48693,1,QueryHandlerTest_3.java,0,1,0
48693,1,QueryHandlerTest_3.java,0,1,0
48693,1,QueryHandlerTest_3.java,0,1,0
48693,2,QueryHandlerTest_3_rev_1.java,0,1,0
48693,2,QueryHandlerTest_3_rev_1.java,0,1,0
48693,2,QueryHandlerTest_3_rev_1.java,0,1,0
48693,2,QueryHandlerTest_3_rev_1.java,0,1,0
48693,2,QueryHandlerTest_3_rev_1.java,0,1,0
48693,3,QueryHandlerTest_3_rev_1.java,0,1,0
48693,3,QueryHandlerTest_3_rev_1.java,0,1,0
48693,3,QueryHandlerTest_3_rev_1.java,0,1,0
48693,3,QueryHandlerTest_3_rev_1.java,0,1,0
48693,3,QueryHandlerTest_3_rev_1.java,0,1,0
48845,2,ObserveTest_0.java,0,1,0
48845,3,ObserveTest_0.java,0,1,0
48924,2,ViewHandler_1.java,0,0,0
48924,3,ViewHandler_1.java,0,0,0
48924,4,ViewHandler_1,0,0,0
49298,1,FixedDelay_1.java,0,0,1
49298,1,FixedDelay_1.java,0,0,1
49298,1,FixedDelay_1.java,0,0,1
49298,1,FixedDelay_1.java,0,0,1
49298,1,FixedDelay_1.java,0,0,1
49298,1,FixedDelay_1.java,0,0,1
49298,1,FixedDelay_1.java,0,0,1
49298,1,FixedDelay_1.java,0,0,1
49298,1,FixedDelay_1.java,0,0,1
49601,1,KeyValueHandler_3.java,0,0,0
49601,2,KeyValueHandler_3.java,0,0,0
49601,3,KeyValueHandler_3.java,0,0,0
49855,1,KeyValueLocator_0.java,1,0,0
49855,1,KeyValueLocator_0.java,1,0,1
49855,1,KeyValueLocator_0.java,1,0,1
49855,1,KeyValueLocator_0.java,1,0,1
49855,1,KeyValueLocator_0.java,1,0,1
49855,1,KeyValueLocator_0.java,1,0,1
49855,2,KeyValueLocator_0_rev_1.java,0,0,0
49855,2,KeyValueLocator_1.java,0,0,0
49855,3,KeyValueLocator_0_rev_1.java,0,0,0
49855,3,KeyValueLocator_0_rev_1.java,0,0,0
49938,1,KeyValueLocator_1.java,0,0,1
49938,1,KeyValueLocator_1.java,0,0,1
49938,2,KeyValueLocator_1.java,0,0,1
49938,2,KeyValueLocator_1.java,0,0,1
49942,1,KeyValueMessageTest_1.java,0,1,0
49942,1,KeyValueMessageTest_1.java,0,1,0
49942,1,KeyValueMessageTest_1.java,0,1,0
49942,1,KeyValueMessageTest_0.java,0,1,0
49942,1,KeyValueMessageTest_0.java,0,1,0
49942,1,KeyValueMessageTest_0.java,0,1,0
49942,1,KeyValueMessageTest_0.java,0,1,1
49942,2,KeyValueMessageTest_1.java,0,1,0
49942,2,KeyValueMessageTest_1.java,0,1,0
49942,2,KeyValueMessageTest_1.java,0,1,0
49942,2,KeyValueMessageTest_0.java,0,1,0
49942,2,KeyValueMessageTest_0.java,0,1,0
49942,2,KeyValueMessageTest_0.java,0,1,0
49942,2,KeyValueMessageTest_0.java,0,1,1
49945,1,KeyValueMessageTest_1.java,0,1,0
49945,1,KeyValueMessageTest_1.java,0,1,0
49945,1,KeyValueMessageTest_1.java,0,1,0
49945,1,KeyValueMessageTest_0.java,0,1,0
49945,1,KeyValueMessageTest_0.java,0,1,0
49945,1,KeyValueMessageTest_0.java,0,1,0
49945,1,KeyValueMessageTest_0.java,0,1,1
49945,2,KeyValueMessageTest_1.java,0,1,0
49945,2,KeyValueMessageTest_1.java,0,1,0
49945,2,KeyValueMessageTest_1.java,0,1,0
49945,2,KeyValueMessageTest_0.java,0,1,0
49945,2,KeyValueMessageTest_0.java,0,1,0
49945,2,KeyValueMessageTest_0.java,0,1,0
49945,2,KeyValueMessageTest_0.java,0,1,1
49986,1,QueryHandler_0.java,0,0,1
49986,1,QueryHandler_0.java,0,0,1
49986,2,QueryHandler_0.java,0,0,1
49986,2,QueryHandler_0.java,0,0,1
49988,1,QueryHandler_0.java,0,0,1
49988,1,QueryHandler_0.java,0,0,1
49988,2,QueryHandler_0.java,0,0,1
49988,2,QueryHandler_0.java,0,0,1
50177,1,KeyValueHandler_0.java,0,0,1
50272,2,HttpRefresherTest_2.java,0,1,0
50272,2,HttpRefresherTest_2.java,0,1,0
50272,2,HttpRefresherTest_2.java,0,1,0
50272,3,HttpRefresherTest_2.java,0,1,0
50272,3,HttpRefresherTest_2.java,0,1,0
50272,3,HttpRefresherTest_2.java,0,1,0
50273,1,HttpRefresherTest_2.java,0,1,0
50273,1,HttpRefresherTest_2.java,0,1,0
50273,1,HttpRefresherTest_2.java,0,1,0
50273,2,HttpRefresherTest_2.java,0,1,0
50273,2,HttpRefresherTest_2.java,0,1,0
50273,2,HttpRefresherTest_2.java,0,1,0
50706,1,ViewHandlerTest_3.java,0,1,0
50706,1,ViewHandlerTest_2.java,0,1,0
50706,1,ViewHandlerTest_1.java,0,1,0
50706,2,ViewHandlerTest_3,0,1,0
50706,2,ViewHandlerTest_2,0,1,0
50706,3,ViewHandlerTest_3,0,1,0
50706,3,ViewHandlerTest_2,0,1,0
50840,1,ViewHandlerTest_6.java,0,1,0
50840,1,ViewHandlerTest_5.java,0,1,0
50840,2,ViewHandlerTest_6.java,0,1,0
50840,2,ViewHandlerTest_5.java,0,1,0
51863,1,RequestHandler_0.java,0,0,0
51905,1,RequestHandler_0.java,0,0,0
51984,1,ClusterDependentTest_1.java,0,1,0
51984,2,ClusterDependentTest_1.java,0,1,0
51984,3,ClusterDependentTest_1.java,0,1,0
52219,4,AbstractEndpoint_0.java,0,0,0
52219,4,AbstractEndpoint_0.java,0,0,0
52219,5,AbstractEndpoint_0.java,0,0,0
52219,5,AbstractEndpoint_0.java,0,0,0
52220,2,AbstractEndpoint_0.java,0,0,0
52220,2,AbstractEndpoint_0.java,0,0,0
52220,3,AbstractEndpoint_0.java,0,0,0
52220,3,AbstractEndpoint_0.java,0,0,0
52862,1,AbstractDCPRequest_0.java,0,0,1
52862,2,AbstractDCPRequest_0.java,0,0,1
54062,1,KeyValueHandler_1.java,0,0,0
54062,1,ObserveTest_0.java,0,1,0
54062,1,ObserveTest_0.java,0,1,0
54062,1,ObserveTest_0.java,0,1,0
54062,1,ObserveTest_0.java,0,1,0
54062,1,ObserveTest_0.java,0,1,0
54062,2,KeyValueHandler_1.java,0,0,0
54062,2,ObserveTest_0.java,0,1,0
54062,2,ObserveTest_0.java,0,1,0
54062,2,ObserveTest_0.java,0,1,0
54062,2,ObserveTest_0.java,0,1,0
54062,2,ObserveTest_0.java,0,1,0
54062,3,KeyValueHandler_1.java,0,0,0
54062,3,ObserveTest_0_rev_2.java,0,1,0
54062,3,ObserveTest_0_rev_2.java,0,1,0
54062,3,ObserveTest_0_rev_2.java,0,1,0
54062,3,ObserveTest_0_rev_2.java,0,1,0
54062,4,KeyValueHandler_1,0,0,0
54062,4,ObserveTest_0_rev_2.java,0,1,0
54062,4,ObserveTest_0_rev_2.java,0,1,0
54062,4,ObserveTest_0_rev_2.java,0,1,0
54062,4,ObserveTest_0_rev_2.java,0,1,0
54062,5,KeyValueHandler_1.java,0,0,0
54062,6,KeyValueHandler_1.java,0,0,0
54062,7,KeyValueHandler_1.java,0,0,0
54062,8,KeyValueHandler_1.java,0,0,0
54570,1,NetworkLatencyMetricsEvent_0.java,0,0,1
54570,1,NetworkLatencyMetricsEvent_0.java,0,0,1
54570,1,NetworkLatencyMetricsEvent_0.java,0,0,1
54570,1,NetworkLatencyMetricsEvent_0.java,0,0,1
54570,1,NetworkLatencyMetricsEvent_0.java,0,0,1
54570,1,NetworkLatencyMetricsEvent_0.java,0,0,1
54570,1,NetworkLatencyMetricsEvent_0.java,0,0,1
54570,1,NetworkLatencyMetricsEvent_0.java,0,0,1
54570,1,NetworkLatencyMetricsEvent_0.java,0,0,1
54570,1,NetworkLatencyMetricsEvent_0.java,0,0,1
54570,1,NetworkLatencyMetricsEvent_0.java,0,0,1
54570,1,NetworkLatencyMetricsEvent_0.java,0,0,1
54570,1,NetworkLatencyMetricsEvent_0.java,0,0,1
54570,1,NetworkLatencyMetricsEvent_0.java,0,0,1
54570,1,NetworkLatencyMetricsEvent_0.java,0,0,1
54570,1,NetworkLatencyMetricsEvent_0.java,0,0,1
54570,1,NetworkLatencyMetricsEvent_0.java,0,0,1
54570,1,NetworkLatencyMetricsEvent_0.java,0,0,1
54570,1,NetworkLatencyMetricsEvent_0.java,0,0,1
54570,1,NetworkLatencyMetricsEvent_0.java,0,0,1
54570,1,NetworkLatencyMetricsEvent_0.java,0,0,1
54570,1,NetworkLatencyMetricsEvent_0.java,0,0,1
54570,1,NetworkLatencyMetricsEvent_0.java,0,0,1
54570,1,NetworkLatencyMetricsEvent_0.java,0,0,1
54570,1,ConfigUpdatedEvent_1.java,0,0,1
54570,1,ConfigUpdatedEvent_1.java,0,0,1
54570,1,ConfigUpdatedEvent_1.java,0,0,1
54570,1,ConfigUpdatedEvent_1.java,0,0,1
54570,1,ConfigUpdatedEvent_1.java,0,0,1
54570,1,ConfigUpdatedEvent_1.java,0,0,1
54570,1,ConfigUpdatedEvent_1.java,0,0,1
54570,1,ConfigUpdatedEvent_1.java,0,0,1
54570,1,ConfigUpdatedEvent_1.java,0,0,1
54570,1,ConfigUpdatedEvent_1.java,0,0,1
54570,1,ConfigUpdatedEvent_1.java,0,0,1
54570,1,ConfigUpdatedEvent_1.java,0,0,1
54570,1,ConfigUpdatedEvent_1.java,0,0,1
54570,1,ConfigUpdatedEvent_1.java,0,0,1
54570,1,ConfigUpdatedEvent_1.java,0,0,1
54570,1,ConfigUpdatedEvent_1.java,0,0,1
54570,1,ConfigUpdatedEvent_1.java,0,0,1
54570,2,NetworkLatencyMetricsEvent_0.java,0,0,1
54570,2,NetworkLatencyMetricsEvent_0.java,0,0,1
54570,2,NetworkLatencyMetricsEvent_0.java,0,0,1
54570,2,NetworkLatencyMetricsEvent_0.java,0,0,1
54570,2,NetworkLatencyMetricsEvent_0.java,0,0,1
54570,2,NetworkLatencyMetricsEvent_0.java,0,0,1
54570,2,NetworkLatencyMetricsEvent_0.java,0,0,1
54570,2,NetworkLatencyMetricsEvent_0.java,0,0,1
54570,2,NetworkLatencyMetricsEvent_0.java,0,0,1
54570,2,NetworkLatencyMetricsEvent_0.java,0,0,1
54570,2,NetworkLatencyMetricsEvent_0.java,0,0,1
54570,2,NetworkLatencyMetricsEvent_0.java,0,0,1
54570,2,NetworkLatencyMetricsEvent_0.java,0,0,1
54570,2,NetworkLatencyMetricsEvent_0.java,0,0,1
54570,2,NetworkLatencyMetricsEvent_0.java,0,0,1
54570,2,NetworkLatencyMetricsEvent_0.java,0,0,1
54570,2,NetworkLatencyMetricsEvent_0.java,0,0,1
54570,2,NetworkLatencyMetricsEvent_0.java,0,0,1
54570,2,NetworkLatencyMetricsEvent_0.java,0,0,1
54570,2,NetworkLatencyMetricsEvent_0.java,0,0,1
54570,2,NetworkLatencyMetricsEvent_0.java,0,0,1
54570,2,NetworkLatencyMetricsEvent_0.java,0,0,1
54570,2,NetworkLatencyMetricsEvent_0.java,0,0,1
54570,2,NetworkLatencyMetricsEvent_0.java,0,0,1
54570,2,ConfigUpdatedEvent_1.java,0,0,1
54570,2,ConfigUpdatedEvent_1.java,0,0,1
54570,2,ConfigUpdatedEvent_1.java,0,0,1
54570,2,ConfigUpdatedEvent_1.java,0,0,1
54570,2,ConfigUpdatedEvent_1.java,0,0,1
54570,2,ConfigUpdatedEvent_1.java,0,0,1
54570,2,ConfigUpdatedEvent_1.java,0,0,1
54570,2,ConfigUpdatedEvent_1.java,0,0,1
54570,2,ConfigUpdatedEvent_1.java,0,0,1
54570,2,ConfigUpdatedEvent_1.java,0,0,1
54570,2,ConfigUpdatedEvent_1.java,0,0,1
54570,2,ConfigUpdatedEvent_1.java,0,0,1
54570,2,ConfigUpdatedEvent_1.java,0,0,1
54570,2,ConfigUpdatedEvent_1.java,0,0,1
54570,2,ConfigUpdatedEvent_1.java,0,0,1
54570,2,ConfigUpdatedEvent_1.java,0,0,1
54570,2,ConfigUpdatedEvent_1.java,0,0,1
55327,9,CouchbaseCore_1.java,0,0,0
55327,10,CouchbaseCore_1.java,0,0,0
55327,13,KeyValueHandler_0.java,0,0,0
55327,13,KeyValueHandler_0.java,0,0,0
55327,13,KeyValueHandler_0.java,0,0,0
55327,14,KeyValueHandler_0.java,0,0,0
55327,14,KeyValueHandler_0.java,0,0,0
55327,14,KeyValueHandler_0.java,0,0,0
55327,15,KeyValueHandler_0.java,0,0,0
55327,15,KeyValueHandler_0.java,0,0,0
55327,15,KeyValueHandler_0.java,0,0,0
55327,16,KeyValueHandler_0.java,0,0,0
55327,16,KeyValueHandler_0.java,0,0,0
55327,16,KeyValueHandler_0.java,0,0,0
55327,17,KeyValueHandler_0.java,0,0,0
55327,17,KeyValueHandler_0.java,0,0,0
55327,17,KeyValueHandler_0.java,0,0,0
55327,18,KeyValueHandler_0.java,0,0,0
55327,18,KeyValueHandler_0.java,0,0,0
55327,18,KeyValueHandler_0.java,0,0,0
55327,19,KeyValueHandler_0.java,0,0,0
55327,19,KeyValueHandler_0.java,0,0,0
55327,19,KeyValueHandler_0.java,0,0,0
55327,20,KeyValueHandler_0_rev_19.java,0,0,0
55327,20,KeyValueHandler_0_rev_19.java,0,0,0
55327,20,KeyValueHandler_0_rev_19.java,0,0,0
55327,21,KeyValueHandler_0_rev_19.java,0,0,0
55327,21,KeyValueHandler_0_rev_19.java,0,0,0
55327,21,KeyValueHandler_0_rev_19.java,0,0,0
55327,22,KeyValueHandler_0_rev_19.java,0,0,0
55327,22,KeyValueHandler_0_rev_19.java,0,0,0
55327,22,KeyValueHandler_0_rev_19.java,0,0,0
55359,1,BucketStreamState_0.java,0,0,0
55359,2,BucketStreamState_0.java,0,0,0
55359,3,BucketStreamState_0.java,0,0,0
55359,4,BucketStreamState_0.java,0,0,0
55359,5,BucketStreamState_0.java,0,0,0
55359,6,BucketStreamState_0.java,0,0,0
55662,1,AbstractGenericHandler_1.java,0,0,1
55662,1,AbstractGenericHandler_1.java,0,0,1
55662,1,AbstractEndpoint_0.java,0,0,0
55662,1,AbstractEndpoint_0.java,0,0,0
55662,2,AbstractGenericHandler_1.java,0,0,1
55662,2,AbstractGenericHandler_1.java,0,0,1
55662,2,AbstractEndpoint_0.java,0,0,0
55662,2,AbstractEndpoint_0.java,0,0,0
55700,1,AbstractGenericHandler_1.java,0,0,1
55700,1,AbstractEndpoint_0.java,0,0,0
55700,1,AbstractEndpoint_0.java,0,0,0
55700,2,AbstractGenericHandler_1.java,0,0,1
55700,2,AbstractEndpoint_0.java,0,0,0
55700,2,AbstractEndpoint_0.java,0,0,0
55844,4,ConfigHandler_0.java,0,0,1
55844,4,ConfigHandler_0.java,0,0,1
55844,4,ConfigHandler_0.java,0,0,1
56553,1,DefaultCoreEnvironment_4.java,0,0,0
56553,1,DefaultCoreEnvironment_4.java,0,0,0
56553,1,DefaultCoreEnvironment_4.java,0,0,0
56553,2,DefaultCoreEnvironment_4,0,0,0
56553,2,DefaultCoreEnvironment_4,0,0,0
56553,2,DefaultCoreEnvironment_4,0,0,0
56553,3,DefaultCoreEnvironment_4,0,0,0
56553,3,DefaultCoreEnvironment_4,0,0,0
56553,3,DefaultCoreEnvironment_4,0,0,0
56553,4,DefaultCoreEnvironment_4,0,0,0
56553,4,DefaultCoreEnvironment_4,0,0,0
56553,4,DefaultCoreEnvironment_4,0,0,0
56553,5,DefaultCoreEnvironment_4,0,0,0
56553,5,DefaultCoreEnvironment_4,0,0,0
56553,5,DefaultCoreEnvironment_4,0,0,0
56553,6,DefaultCoreEnvironment_4,0,0,0
56553,6,DefaultCoreEnvironment_4,0,0,0
56553,6,DefaultCoreEnvironment_4,0,0,0
56553,7,DefaultCoreEnvironment_4,0,0,0
56553,7,DefaultCoreEnvironment_4,0,0,0
56553,7,DefaultCoreEnvironment_4,0,0,0
56631,1,DCPHandler_5.java,0,0,0
56631,2,DCPHandler_5,0,0,0
56631,3,DCPHandler_5,0,0,0
56631,4,DCPHandler_5,0,0,0
56639,1,CarrierRefresherTest_1.java,0,1,0
56639,1,CarrierRefresherTest_1.java,0,1,0
56639,1,CarrierRefresherTest_1.java,0,1,0
56639,1,CarrierRefresherTest_1.java,0,1,0
56639,2,CarrierRefresherTest_1.java,0,1,0
56639,2,CarrierRefresherTest_1.java,0,1,0
56639,2,CarrierRefresherTest_1.java,0,1,0
56639,2,CarrierRefresherTest_1.java,0,1,0
56678,2,AbstractLoader_1.java,0,0,0
56678,3,AbstractLoader_1.java,0,0,0
56678,4,AbstractLoader_1.java,0,0,0
56695,1,CarrierRefresherTest_1.java,0,1,0
56695,1,CarrierRefresherTest_1.java,0,1,0
56695,1,CarrierRefresherTest_1.java,0,1,0
56695,1,CarrierRefresherTest_1.java,0,1,0
56695,2,CarrierRefresherTest_1.java,0,1,0
56695,2,CarrierRefresherTest_1.java,0,1,0
56695,2,CarrierRefresherTest_1.java,0,1,0
56695,2,CarrierRefresherTest_1.java,0,1,0
57341,1,BucketStreamState_2.java,0,0,0
57341,1,KeyValueLocator_7.java,0,0,0
57341,2,BucketStreamState_2.java,0,0,0
57341,2,KeyValueLocator_7.java,0,0,0
57341,3,KeyValueLocator_7,0,0,0
57341,3,BucketStreamState_2,0,0,0
57341,4,KeyValueLocator_7,0,0,0
57341,4,BucketStreamState_2,0,0,0
57341,5,KeyValueLocator_7,0,0,0
57341,5,BucketStreamState_2,0,0,0
57341,6,KeyValueLocator_7,0,0,0
57341,6,BucketStreamState_2,0,0,0
57341,7,KeyValueLocator_7,0,0,0
57341,7,BucketStreamState_2,0,0,0
57341,8,KeyValueLocator_7,0,0,0
57341,8,BucketStreamState_2,0,0,0
57814,1,DCPHandler_0.java,0,0,0
57814,2,DCPHandler_0_rev_1.java,0,0,0
57814,3,DCPHandler_0_rev_1.java,0,0,0
58840,1,AbstractEndpoint_0.java,0,0,0
58840,1,AbstractEndpoint_0.java,0,0,0
58840,1,AbstractEndpoint_1.java,0,0,0
58840,1,AbstractEndpoint_1.java,0,0,0
58840,2,AbstractEndpoint_0.java,0,0,0
58840,2,AbstractEndpoint_0.java,0,0,0
58840,2,AbstractEndpoint_1.java,0,0,0
58840,2,AbstractEndpoint_1.java,0,0,0
58840,3,AbstractEndpoint_0.java,0,0,0
58840,3,AbstractEndpoint_0.java,0,0,0
58840,3,AbstractEndpoint_1.java,0,0,0
58840,3,AbstractEndpoint_1.java,0,0,0
58840,4,AbstractEndpoint_0.java,0,0,0
58840,4,AbstractEndpoint_0.java,0,0,0
58840,4,AbstractEndpoint_1.java,0,0,0
58840,4,AbstractEndpoint_1.java,0,0,0
59182,1,CouchbaseNode_0.java,0,0,0
59182,1,CouchbaseNode_0.java,0,0,0
59182,2,CouchbaseNode_0.java,0,0,0
59182,2,CouchbaseNode_0.java,0,0,0
59182,3,CouchbaseNode_0.java,0,0,0
59182,3,CouchbaseNode_0.java,0,0,0
59341,1,QueryLocatorTest_4.java,0,1,0
59341,1,QueryLocatorTest_4.java,0,1,1
59341,1,QueryLocatorTest_4.java,0,1,1
59341,1,ViewLocatorTest_6.java,0,1,0
59341,1,ViewLocatorTest_6.java,0,1,0
59341,2,QueryLocatorTest_4.java,0,1,0
59341,2,QueryLocatorTest_4.java,0,1,1
59341,2,QueryLocatorTest_4.java,0,1,1
59341,2,ViewLocatorTest_6.java,0,1,0
59341,2,ViewLocatorTest_6.java,0,1,0
59341,3,QueryLocatorTest_4.java,0,1,0
59341,3,QueryLocatorTest_4.java,0,1,1
59341,3,QueryLocatorTest_4.java,0,1,1
59341,3,ViewLocatorTest_6.java,0,1,0
59341,3,ViewLocatorTest_6.java,0,1,0
59341,4,QueryLocatorTest_4.java,0,1,0
59341,4,QueryLocatorTest_4.java,0,1,1
59341,4,QueryLocatorTest_4.java,0,1,1
59341,4,ViewLocatorTest_6.java,0,1,0
59341,4,ViewLocatorTest_6.java,0,1,0
59972,1,AbstractGenericHandler_0.java,0,0,1
59972,1,AbstractGenericHandler_0.java,0,0,1
59972,1,AbstractGenericHandler_0.java,0,0,1
59972,2,AbstractGenericHandler_0.java,0,0,1
59972,2,AbstractGenericHandler_0.java,0,0,1
59972,2,AbstractGenericHandler_0.java,0,0,1
60731,1,DCPHandler_0.java,0,0,0
60731,2,DCPHandler_0.java,0,0,0
60731,3,DCPHandler_0.java,0,0,0
60830,1,RequestHandler_0.java,0,0,0
60830,1,RequestHandler_3.java,0,0,0
60830,1,RequestHandler_4.java,0,0,0
60830,1,RequestHandler_1.java,0,0,0
60830,2,RequestHandler_0.java,0,0,0
60830,2,RequestHandler_3.java,0,0,0
60830,2,RequestHandler_4.java,0,0,0
60830,2,RequestHandler_1.java,0,0,0
60830,3,RequestHandler_0.java,0,0,0
60830,3,RequestHandler_3.java,0,0,0
60830,3,RequestHandler_4.java,0,0,0
60830,3,RequestHandler_1.java,0,0,0
60831,1,DCPHandler_4.java,0,0,0
60831,1,DCPConnection_2.java,0,0,1
60831,1,DCPHandler_3.java,0,0,0
60831,2,DCPConnection_2,0,0,1
60831,2,DCPHandler_3,0,0,0
60831,3,DCPConnection_2,0,0,1
60831,3,DCPHandler_3,0,0,0
60831,4,DCPConnection_2.java,0,0,1
60855,1,AbstractGenericHandler_1.java,0,0,0
60855,2,AbstractGenericHandler_1.java,0,0,0
60855,3,AbstractGenericHandler_1.java,0,0,0
60860,1,KeyValueHandler_1.java,1,0,0
60860,1,AbstractGenericHandler_0.java,0,0,0
60860,2,KeyValueHandler_1.java,1,0,0
60860,2,AbstractGenericHandler_0.java,0,0,0
60928,4,DCPHandler_0.java,0,0,0
60928,5,DCPHandler_0.java,0,0,0
60928,6,DCPHandler_0.java,0,0,0
61170,1,AbstractGenericHandler_1.java,0,0,0
61170,1,AbstractGenericHandler_1.java,0,0,0
61170,1,AbstractGenericHandler_0.java,0,0,0
61170,2,AbstractGenericHandler_1.java,0,0,0
61170,2,AbstractGenericHandler_1.java,0,0,0
61170,2,AbstractGenericHandler_0.java,0,0,0
61170,3,AbstractGenericHandler_1.java,0,0,0
61170,3,AbstractGenericHandler_1.java,0,0,0
61170,3,AbstractGenericHandler_0.java,0,0,0
61413,1,AbstractGenericHandler_0.java,0,0,0
61413,2,AbstractGenericHandler_0.java,0,0,0
61413,3,AbstractGenericHandler_0.java,0,0,0
61512,4,DCPLocator_14.java,0,0,0
61512,4,DCPConnection_6.java,0,0,1
61512,4,DCPConnection_6.java,0,0,1
61512,4,DCPConnection_6.java,0,0,1
61512,4,DCPConnection_8.java,0,0,1
61512,4,DCPConnection_8.java,0,0,1
61512,4,DCPConnection_8.java,0,0,1
61512,4,DCPConnection_8.java,0,0,1
61512,4,DCPConnection_8.java,0,0,1
61512,4,CouchbaseCore_1.java,0,0,0
61512,5,ClusterDependentTest_1.java,0,1,1
61512,5,DCPLocator_14.java,0,0,0
61512,5,DCPConnection_6.java,0,0,1
61512,5,DCPConnection_6.java,0,0,1
61512,5,DCPConnection_6.java,0,0,1
61512,5,DCPConnection_8.java,0,0,1
61512,5,DCPConnection_8.java,0,0,1
61512,5,DCPConnection_8.java,0,0,1
61512,5,DCPConnection_8.java,0,0,1
61512,5,DCPConnection_8.java,0,0,1
61512,6,ClusterDependentTest_1.java,0,1,1
61512,6,DCPLocator_14.java,0,0,0
61512,6,DCPConnection_6.java,0,0,1
61512,6,DCPConnection_6.java,0,0,1
61512,6,DCPConnection_6.java,0,0,1
61512,6,DCPConnection_8.java,0,0,1
61512,6,DCPConnection_8.java,0,0,1
61512,6,DCPConnection_8.java,0,0,1
61512,6,DCPConnection_8.java,0,0,1
61512,6,DCPConnection_8.java,0,0,1
61512,7,ClusterDependentTest_1.java,0,1,1
61512,7,DCPLocator_14.java,0,0,0
61512,7,DCPConnection_6.java,0,0,1
61512,7,DCPConnection_6.java,0,0,1
61512,7,DCPConnection_6.java,0,0,1
61512,7,DCPConnection_8.java,0,0,1
61512,7,DCPConnection_8.java,0,0,1
61512,7,DCPConnection_8.java,0,0,1
61512,7,DCPConnection_8.java,0,0,1
61512,7,DCPConnection_8.java,0,0,1
61512,8,ClusterDependentTest_1.java,0,1,1
61512,8,DCPLocator_14.java,0,0,0
61512,8,DCPConnection_6.java,0,0,1
61512,8,DCPConnection_6.java,0,0,1
61512,8,DCPConnection_6.java,0,0,1
61512,8,DCPConnection_8.java,0,0,1
61512,8,DCPConnection_8.java,0,0,1
61512,8,DCPConnection_8.java,0,0,1
61512,8,DCPConnection_8.java,0,0,1
61512,8,DCPConnection_8.java,0,0,1
61512,9,ClusterDependentTest_1.java,0,1,1
61512,9,DCPLocator_14.java,0,0,0
61512,9,DCPConnection_6.java,0,0,1
61512,9,DCPConnection_6.java,0,0,1
61512,9,DCPConnection_6.java,0,0,1
61512,9,DCPConnection_8.java,0,0,1
61512,9,DCPConnection_8.java,0,0,1
61512,9,DCPConnection_8.java,0,0,1
61512,9,DCPConnection_8.java,0,0,1
61512,9,DCPConnection_8.java,0,0,1
61512,10,ClusterDependentTest_1.java,0,1,1
61512,10,DCPLocator_14.java,0,0,0
61512,10,DCPConnection_6.java,0,0,1
61512,10,DCPConnection_6.java,0,0,1
61512,10,DCPConnection_6.java,0,0,1
61512,10,DCPConnection_8.java,0,0,1
61512,10,DCPConnection_8.java,0,0,1
61512,10,DCPConnection_8.java,0,0,1
61512,10,DCPConnection_8.java,0,0,1
61512,10,DCPConnection_8.java,0,0,1
61512,11,ClusterDependentTest_1.java,0,1,1
61512,11,DCPConnection_6.java,0,0,1
61512,11,DCPConnection_6.java,0,0,1
61512,11,DCPConnection_6.java,0,0,1
61512,11,DCPConnection_8.java,0,0,1
61512,11,DCPConnection_8.java,0,0,1
61512,11,DCPConnection_8.java,0,0,1
61512,11,DCPConnection_8.java,0,0,1
61512,11,DCPConnection_8.java,0,0,1
61512,11,DCPLocator_14,0,0,0
61512,12,ClusterDependentTest_1.java,0,1,1
61512,12,DCPConnection_8,0,0,1
61512,12,DCPConnection_8,0,0,1
61512,12,DCPConnection_8,0,0,1
61512,12,DCPConnection_8,0,0,1
61512,12,DCPConnection_8,0,0,1
61512,12,DCPConnection_6,0,0,1
61512,12,DCPConnection_6,0,0,1
61512,12,DCPConnection_6,0,0,1
61512,12,DCPLocator_14,0,0,0
61512,13,ClusterDependentTest_1.java,0,1,1
61512,13,DCPConnection_8,0,0,1
61512,13,DCPConnection_8,0,0,1
61512,13,DCPConnection_8,0,0,1
61512,13,DCPConnection_8,0,0,1
61512,13,DCPConnection_8,0,0,1
61512,13,DCPConnection_6,0,0,1
61512,13,DCPConnection_6,0,0,1
61512,13,DCPConnection_6,0,0,1
61512,13,DCPLocator_14,0,0,0
62919,1,StringClosingPositionBufProcessorTest_3.java,0,1,0
62919,1,StringClosingPositionBufProcessorTest_3.java,0,1,0
62919,1,StringClosingPositionBufProcessorTest_3.java,0,1,0
62919,1,StringClosingPositionBufProcessorTest_3.java,0,1,0
62919,1,StringClosingPositionBufProcessorTest_3.java,0,1,1
62919,1,StringClosingPositionBufProcessorTest_3.java,0,1,1
62919,1,StringClosingPositionBufProcessorTest_3.java,0,1,1
62919,1,StringClosingPositionBufProcessorTest_3.java,0,1,1
62919,1,StringClosingPositionBufProcessorTest_3.java,0,1,1
62919,1,StringClosingPositionBufProcessorTest_3.java,0,1,1
62919,2,StringClosingPositionBufProcessorTest_3.java,0,1,0
62919,2,StringClosingPositionBufProcessorTest_3.java,0,1,0
62919,2,StringClosingPositionBufProcessorTest_3.java,0,1,0
62919,2,StringClosingPositionBufProcessorTest_3.java,0,1,0
62919,2,StringClosingPositionBufProcessorTest_3.java,0,1,1
62919,2,StringClosingPositionBufProcessorTest_3.java,0,1,1
62919,2,StringClosingPositionBufProcessorTest_3.java,0,1,1
62919,2,StringClosingPositionBufProcessorTest_3.java,0,1,1
62919,2,StringClosingPositionBufProcessorTest_3.java,0,1,1
62919,2,StringClosingPositionBufProcessorTest_3.java,0,1,1
62919,3,StringClosingPositionBufProcessorTest_3.java,0,1,0
62919,3,StringClosingPositionBufProcessorTest_3.java,0,1,0
62919,3,StringClosingPositionBufProcessorTest_3.java,0,1,0
62919,3,StringClosingPositionBufProcessorTest_3.java,0,1,0
62919,3,StringClosingPositionBufProcessorTest_3.java,0,1,1
62919,3,StringClosingPositionBufProcessorTest_3.java,0,1,1
62919,3,StringClosingPositionBufProcessorTest_3.java,0,1,1
62919,3,StringClosingPositionBufProcessorTest_3.java,0,1,1
62919,3,StringClosingPositionBufProcessorTest_3.java,0,1,1
62919,3,StringClosingPositionBufProcessorTest_3.java,0,1,1
62919,4,StringClosingPositionBufProcessorTest_3.java,0,1,0
62919,4,StringClosingPositionBufProcessorTest_3.java,0,1,0
62919,4,StringClosingPositionBufProcessorTest_3.java,0,1,0
62919,4,StringClosingPositionBufProcessorTest_3.java,0,1,0
62919,4,StringClosingPositionBufProcessorTest_3.java,0,1,1
62919,4,StringClosingPositionBufProcessorTest_3.java,0,1,1
62919,4,StringClosingPositionBufProcessorTest_3.java,0,1,1
62919,4,StringClosingPositionBufProcessorTest_3.java,0,1,1
62919,4,StringClosingPositionBufProcessorTest_3.java,0,1,1
62919,4,StringClosingPositionBufProcessorTest_3.java,0,1,1
62919,5,StringClosingPositionBufProcessorTest_3.java,0,1,0
62919,5,StringClosingPositionBufProcessorTest_3.java,0,1,0
62919,5,StringClosingPositionBufProcessorTest_3.java,0,1,0
62919,5,StringClosingPositionBufProcessorTest_3.java,0,1,0
62919,5,StringClosingPositionBufProcessorTest_3.java,0,1,1
62919,5,StringClosingPositionBufProcessorTest_3.java,0,1,1
62919,5,StringClosingPositionBufProcessorTest_3.java,0,1,1
62919,5,StringClosingPositionBufProcessorTest_3.java,0,1,1
62919,5,StringClosingPositionBufProcessorTest_3.java,0,1,1
62919,5,StringClosingPositionBufProcessorTest_3.java,0,1,1
62919,6,StringClosingPositionBufProcessorTest_3.java,0,1,0
62919,6,StringClosingPositionBufProcessorTest_3.java,0,1,0
62919,6,StringClosingPositionBufProcessorTest_3.java,0,1,0
62919,6,StringClosingPositionBufProcessorTest_3.java,0,1,0
62919,6,StringClosingPositionBufProcessorTest_3.java,0,1,1
62919,6,StringClosingPositionBufProcessorTest_3.java,0,1,1
62919,6,StringClosingPositionBufProcessorTest_3.java,0,1,1
62919,6,StringClosingPositionBufProcessorTest_3.java,0,1,1
62919,6,StringClosingPositionBufProcessorTest_3.java,0,1,1
62919,6,StringClosingPositionBufProcessorTest_3.java,0,1,1
62919,7,StringClosingPositionBufProcessorTest_3.java,0,1,0
62919,7,StringClosingPositionBufProcessorTest_3.java,0,1,0
62919,7,StringClosingPositionBufProcessorTest_3.java,0,1,0
62919,7,StringClosingPositionBufProcessorTest_3.java,0,1,0
62919,7,StringClosingPositionBufProcessorTest_3.java,0,1,1
62919,7,StringClosingPositionBufProcessorTest_3.java,0,1,1
62919,7,StringClosingPositionBufProcessorTest_3.java,0,1,1
62919,7,StringClosingPositionBufProcessorTest_3.java,0,1,1
62919,7,StringClosingPositionBufProcessorTest_3.java,0,1,1
62919,7,StringClosingPositionBufProcessorTest_3.java,0,1,1
63471,1,StringClosingPositionBufProcessorTest_3.java,0,1,0
63471,1,StringClosingPositionBufProcessorTest_3.java,0,1,0
63471,1,StringClosingPositionBufProcessorTest_3.java,0,1,0
63471,1,StringClosingPositionBufProcessorTest_3.java,0,1,0
63471,1,StringClosingPositionBufProcessorTest_3.java,0,1,1
63471,1,StringClosingPositionBufProcessorTest_3.java,0,1,1
63471,1,StringClosingPositionBufProcessorTest_3.java,0,1,1
63471,1,StringClosingPositionBufProcessorTest_3.java,0,1,1
63471,1,StringClosingPositionBufProcessorTest_3.java,0,1,1
63471,1,StringClosingPositionBufProcessorTest_3.java,0,1,1
63471,2,StringClosingPositionBufProcessorTest_3.java,0,1,0
63471,2,StringClosingPositionBufProcessorTest_3.java,0,1,0
63471,2,StringClosingPositionBufProcessorTest_3.java,0,1,0
63471,2,StringClosingPositionBufProcessorTest_3.java,0,1,0
63471,2,StringClosingPositionBufProcessorTest_3.java,0,1,1
63471,2,StringClosingPositionBufProcessorTest_3.java,0,1,1
63471,2,StringClosingPositionBufProcessorTest_3.java,0,1,1
63471,2,StringClosingPositionBufProcessorTest_3.java,0,1,1
63471,2,StringClosingPositionBufProcessorTest_3.java,0,1,1
63471,2,StringClosingPositionBufProcessorTest_3.java,0,1,1
63853,1,SSLEngineFactory_0.java,0,0,0
63853,2,SSLEngineFactory_0.java,0,0,0
64018,3,KeyValueLocatorTest_6.java,0,1,0
64018,4,KeyValueLocatorTest_6.java,0,1,0
64018,5,KeyValueLocatorTest_6.java,0,1,0
64597,1,QueryHandlerTest_0.java,0,1,0
64597,2,QueryHandlerTest_0.java,0,1,0
64600,1,QueryHandlerTest_0.java,0,1,0
64600,1,QueryHandlerTest_0.java,0,1,0
64600,2,QueryHandlerTest_0.java,0,1,0
64600,2,QueryHandlerTest_0.java,0,1,0
64703,2,AbstractGenericHandler_1.java,0,0,0
64703,3,AbstractGenericHandler_1.java,0,0,0
64705,1,AbstractGenericHandler_1.java,0,0,0
64705,2,AbstractGenericHandler_1.java,0,0,0
65673,1,AbstractEndpoint_0.java,0,0,0
65673,1,AbstractEndpoint_0.java,0,0,0
65673,2,AbstractEndpoint_0.java,0,0,0
65673,2,AbstractEndpoint_0.java,0,0,0
66413,1,ConfigLocator_0.java,0,0,1
66413,1,ConfigLocator_0.java,0,0,1
66413,2,ConfigLocator_0.java,0,0,1
66413,2,ConfigLocator_0.java,0,0,1
68148,1,QueryLocatorTest_4.java,0,1,0
68148,1,QueryLocatorTest_4.java,0,1,1
68148,1,QueryLocatorTest_4.java,0,1,1
68148,1,QueryLocatorTest_4.java,0,1,1
68148,1,QueryLocatorTest_4.java,0,1,1
68148,1,QueryLocatorTest_4.java,0,1,1
68148,1,QueryLocatorTest_4.java,0,1,1
68148,1,ViewLocatorTest_6.java,0,1,0
68148,1,ViewLocatorTest_6.java,0,1,0
68148,1,ViewLocatorTest_6.java,0,1,0
68148,1,ViewLocatorTest_6.java,0,1,1
68148,1,ViewLocatorTest_6.java,0,1,1
68148,1,SearchLocatorTest_5.java,0,1,0
68148,1,SearchLocatorTest_5.java,0,1,1
68148,1,SearchLocatorTest_5.java,0,1,1
68148,1,SearchLocatorTest_5.java,0,1,1
68148,1,SearchLocatorTest_5.java,0,1,1
68148,1,SearchLocatorTest_5.java,0,1,1
68148,1,SearchLocatorTest_5.java,0,1,1
68148,2,QueryLocatorTest_4.java,0,1,0
68148,2,QueryLocatorTest_4.java,0,1,1
68148,2,QueryLocatorTest_4.java,0,1,1
68148,2,QueryLocatorTest_4.java,0,1,1
68148,2,QueryLocatorTest_4.java,0,1,1
68148,2,QueryLocatorTest_4.java,0,1,1
68148,2,QueryLocatorTest_4.java,0,1,1
68148,2,ViewLocatorTest_6.java,0,1,0
68148,2,ViewLocatorTest_6.java,0,1,0
68148,2,ViewLocatorTest_6.java,0,1,0
68148,2,ViewLocatorTest_6.java,0,1,1
68148,2,ViewLocatorTest_6.java,0,1,1
68148,2,SearchLocatorTest_5.java,0,1,0
68148,2,SearchLocatorTest_5.java,0,1,1
68148,2,SearchLocatorTest_5.java,0,1,1
68148,2,SearchLocatorTest_5.java,0,1,1
68148,2,SearchLocatorTest_5.java,0,1,1
68148,2,SearchLocatorTest_5.java,0,1,1
68148,2,SearchLocatorTest_5.java,0,1,1
68148,3,QueryLocatorTest_4.java,0,1,0
68148,3,QueryLocatorTest_4.java,0,1,1
68148,3,QueryLocatorTest_4.java,0,1,1
68148,3,QueryLocatorTest_4.java,0,1,1
68148,3,QueryLocatorTest_4.java,0,1,1
68148,3,QueryLocatorTest_4.java,0,1,1
68148,3,QueryLocatorTest_4.java,0,1,1
68148,3,ViewLocatorTest_6.java,0,1,0
68148,3,ViewLocatorTest_6.java,0,1,0
68148,3,ViewLocatorTest_6.java,0,1,0
68148,3,ViewLocatorTest_6.java,0,1,1
68148,3,ViewLocatorTest_6.java,0,1,1
68148,3,SearchLocatorTest_5.java,0,1,0
68148,3,SearchLocatorTest_5.java,0,1,1
68148,3,SearchLocatorTest_5.java,0,1,1
68148,3,SearchLocatorTest_5.java,0,1,1
68148,3,SearchLocatorTest_5.java,0,1,1
68148,3,SearchLocatorTest_5.java,0,1,1
68148,3,SearchLocatorTest_5.java,0,1,1
68916,1,AbstractEndpoint_2.java,0,0,0
68916,1,AbstractEndpoint_2.java,0,0,0
68916,2,AbstractEndpoint_2.java,0,0,0
68916,2,AbstractEndpoint_2.java,0,0,0
68916,3,AbstractEndpoint_2.java,0,0,0
68916,3,AbstractEndpoint_2.java,0,0,0
70294,2,DefaultMemcachedBucketConfig_0.java,0,0,1
70294,2,DefaultMemcachedBucketConfig_0.java,0,0,1
70294,3,DefaultMemcachedBucketConfig_0.java,0,0,1
70294,3,DefaultMemcachedBucketConfig_0.java,0,0,1
70294,4,DefaultMemcachedBucketConfig_0.java,0,0,1
70294,4,DefaultMemcachedBucketConfig_0.java,0,0,1
70294,5,DefaultMemcachedBucketConfig_0.java,0,0,1
70294,5,DefaultMemcachedBucketConfig_0.java,0,0,1
70294,6,DefaultMemcachedBucketConfig_0.java,0,0,1
70294,6,DefaultMemcachedBucketConfig_0.java,0,0,1
72365,3,RetryHelper_2.java,0,0,0
72365,4,RetryHelper_2,0,0,0
72365,5,RetryHelper_2,0,0,0
72365,6,RetryHelper_2,0,0,0
72365,7,RetryHelper_2,0,0,0
72365,8,RetryHelper_2,0,0,0
72365,9,RetryHelper_2,0,0,0
72365,10,RetryHelper_2,0,0,0
72365,11,RetryHelper_2,0,0,0
72365,12,RetryHelper_2,0,0,0
72365,13,RetryHelper_2,0,0,0
72365,14,RetryHelper_2,0,0,0
72365,15,RetryHelper_2,0,0,0
72365,16,RetryHelper_2,0,0,0
73037,1,SearchHandler_1.java,0,0,1
73037,1,SearchHandler_1.java,0,0,1
73037,1,SearchHandler_0.java,0,0,0
73037,1,SearchHandler_0.java,0,0,1
73037,1,SearchHandlerTest_4.java,0,1,1
73037,1,SearchHandlerTest_4.java,0,1,1
73037,1,SearchHandlerTest_4.java,0,1,1
73037,2,SearchHandler_1.java,0,0,1
73037,2,SearchHandler_1.java,0,0,1
73037,2,SearchHandler_0.java,0,0,0
73037,2,SearchHandler_0.java,0,0,1
73037,2,SearchHandlerTest_4.java,0,1,1
73037,2,SearchHandlerTest_4.java,0,1,1
73037,2,SearchHandlerTest_4.java,0,1,1
74285,2,QueryHandlerWithParserV1Test_6.java,0,1,1
74285,2,QueryHandlerWithParserV1Test_6.java,0,1,1
74285,2,QueryHandlerWithParserV1Test_6.java,0,1,1
74285,3,QueryHandlerWithParserV1Test_6.java,0,1,1
74285,3,QueryHandlerWithParserV1Test_6.java,0,1,1
74285,3,QueryHandlerWithParserV1Test_6.java,0,1,1
74285,4,QueryHandlerWithParserV1Test_6,0,1,1
74285,4,QueryHandlerWithParserV1Test_6,0,1,1
74285,4,QueryHandlerWithParserV1Test_6,0,1,1
74285,5,QueryHandlerWithParserV1Test_6,0,1,1
74285,5,QueryHandlerWithParserV1Test_6,0,1,1
74285,5,QueryHandlerWithParserV1Test_6,0,1,1
74285,6,QueryHandlerWithParserV1Test_6,0,1,1
74285,6,QueryHandlerWithParserV1Test_6,0,1,1
74285,6,QueryHandlerWithParserV1Test_6,0,1,1
74285,7,QueryHandlerTest_21.java,0,1,1
74285,7,QueryHandlerTest_21.java,0,1,1
74285,7,QueryHandlerTest_21.java,0,1,1
74285,7,QueryHandlerTest_21.java,0,1,1
74285,7,QueryHandlerTest_21.java,0,1,1
74285,8,QueryHandlerTest_21.java,0,1,1
74285,8,QueryHandlerTest_21.java,0,1,1
74285,8,QueryHandlerTest_21.java,0,1,1
74285,8,QueryHandlerTest_21.java,0,1,1
74285,8,QueryHandlerTest_21.java,0,1,1
74285,9,QueryHandlerTest_21.java,0,1,1
74285,9,QueryHandlerTest_21.java,0,1,1
74285,9,QueryHandlerTest_21.java,0,1,1
74285,9,QueryHandlerTest_21.java,0,1,1
74285,9,QueryHandlerTest_21.java,0,1,1
74285,10,QueryHandlerTest_21,0,1,1
74285,10,QueryHandlerTest_21,0,1,1
74285,10,QueryHandlerTest_21,0,1,1
74285,10,QueryHandlerTest_21,0,1,1
74285,10,QueryHandlerTest_21,0,1,1
74285,11,QueryHandlerTest_21,0,1,1
74285,11,QueryHandlerTest_21,0,1,1
74285,11,QueryHandlerTest_21,0,1,1
74285,11,QueryHandlerTest_21,0,1,1
74285,11,QueryHandlerTest_21,0,1,1
75076,1,DefaultConfigurationProvider_1.java,0,0,0
75076,1,AddServiceRequest_10.java,0,0,0
75076,1,AbstractRefresher_5.java,0,0,0
75076,1,AbstractPoolingService_14.java,0,0,0
75076,1,DefaultConfigurationProvider_2.java,0,0,0
75076,1,HttpRefresher_6.java,0,0,0
75076,2,DefaultConfigurationProvider_1.java,0,0,0
75076,2,AddServiceRequest_10.java,0,0,0
75076,2,AbstractRefresher_5.java,0,0,0
75076,2,AbstractPoolingService_14.java,0,0,0
75076,2,DefaultConfigurationProvider_2.java,0,0,0
75076,2,HttpRefresher_6.java,0,0,0
75076,3,DefaultConfigurationProvider_1.java,0,0,0
75076,3,AddServiceRequest_10.java,0,0,0
75076,3,AbstractRefresher_5.java,0,0,0
75076,3,AbstractPoolingService_14.java,0,0,0
75076,3,DefaultConfigurationProvider_2.java,0,0,0
75076,3,HttpRefresher_6.java,0,0,0
75076,4,AbstractPoolingService_14,0,0,0
75076,4,DefaultConfigurationProvider_1.java,0,0,0
75076,4,AddServiceRequest_10.java,0,0,0
75076,4,AbstractRefresher_5.java,0,0,0
75076,4,DefaultConfigurationProvider_2.java,0,0,0
75076,4,HttpRefresher_6.java,0,0,0
75076,5,DefaultConfigurationProvider_1.java,0,0,0
75076,5,AbstractRefresher_5.java,0,0,0
75076,5,AbstractPoolingService_14.java,0,0,0
75076,5,DefaultConfigurationProvider_2.java,0,0,0
75076,5,HttpRefresher_6.java,0,0,0
75076,5,AddServiceRequest_10,0,0,0
75076,6,AbstractPoolingService_14,0,0,0
75076,6,DefaultConfigurationProvider_1.java,0,0,0
75076,6,AddServiceRequest_10.java,0,0,0
75076,6,AbstractRefresher_5.java,0,0,0
75076,6,DefaultConfigurationProvider_2.java,0,0,0
75076,6,HttpRefresher_6.java,0,0,0
75076,7,DefaultConfigurationProvider_1.java,0,0,0
75076,7,AbstractRefresher_5.java,0,0,0
75076,7,AddServiceRequest_10,0,0,0
75076,7,DefaultConfigurationProvider_2.java,0,0,0
75076,7,HttpRefresher_6.java,0,0,0
75076,7,AbstractPoolingService_14,0,0,0
75076,8,DefaultConfigurationProvider_1.java,0,0,0
75076,8,HttpRefresher_6,0,0,0
75076,8,AbstractPoolingService_14.java,0,0,0
75076,8,DefaultConfigurationProvider_2.java,0,0,0
75076,8,AddServiceRequest_10,0,0,0
75076,9,DefaultConfigurationProvider_1.java,0,0,0
75076,9,HttpRefresher_6,0,0,0
75076,9,AbstractPoolingService_14.java,0,0,0
75076,9,DefaultConfigurationProvider_2.java,0,0,0
75076,9,AddServiceRequest_10,0,0,0
75076,10,DefaultConfigurationProvider_1.java,0,0,0
75076,10,HttpRefresher_6,0,0,0
75076,10,AbstractPoolingService_14.java,0,0,0
75076,10,DefaultConfigurationProvider_2.java,0,0,0
75076,10,AddServiceRequest_10,0,0,0
75076,11,AbstractPoolingService_14,0,0,0
75076,11,DefaultConfigurationProvider_1.java,0,0,0
75076,11,HttpRefresher_6,0,0,0
75076,11,DefaultConfigurationProvider_2.java,0,0,0
75076,11,AddServiceRequest_10,0,0,0
75076,12,DefaultConfigurationProvider_1.java,0,0,0
75076,12,AbstractPoolingService_11.java,0,1,1
75076,12,AbstractPoolingService_11.java,0,1,1
75076,12,DefaultConfigurationProvider_2.java,0,0,0
75076,12,HttpRefresher_6.java,0,0,0
75076,13,DefaultConfigurationProvider_1.java,0,0,0
75076,13,AbstractPoolingService_11.java,0,1,1
75076,13,AbstractPoolingService_11.java,0,1,1
75076,13,DefaultConfigurationProvider_2.java,0,0,0
75076,13,HttpRefresher_6.java,0,0,0
75076,14,DefaultConfigurationProvider_1.java,0,0,0
75076,14,AbstractPoolingService_11.java,0,1,1
75076,14,AbstractPoolingService_11.java,0,1,1
75076,14,DefaultConfigurationProvider_2.java,0,0,0
75076,14,HttpRefresher_6.java,0,0,0
75076,15,DefaultConfigurationProvider_1.java,0,0,0
75076,15,AbstractPoolingService_11.java,0,1,1
75076,15,AbstractPoolingService_11.java,0,1,1
75076,15,DefaultConfigurationProvider_2.java,0,0,0
75076,15,HttpRefresher_6.java,0,0,0
75076,16,DefaultConfigurationProvider_1.java,0,0,0
75076,16,DefaultConfigurationProvider_2.java,0,0,0
75076,16,HttpRefresher_6.java,0,0,0
75076,17,DefaultConfigurationProvider_1.java,0,0,0
75076,17,DefaultConfigurationProvider_2.java,0,0,0
75076,17,HttpRefresher_6.java,0,0,0
75076,18,DefaultConfigurationProvider_1.java,0,0,0
75076,18,DefaultConfigurationProvider_2.java,0,0,0
75076,18,HttpRefresher_6,0,0,0
75076,19,DefaultConfigurationProvider_1.java,0,0,0
75076,19,DefaultConfigurationProvider_2.java,0,0,0
75076,19,HttpRefresher_6,0,0,0
75076,20,SnapshotMarkerMessage_11.java,0,0,0
75076,20,MutationMessage_10.java,0,0,0
75076,20,MutationMessage_10.java,0,0,0
75076,20,DefaultConfigurationProvider_1.java,0,0,0
75076,20,DefaultConfigurationProvider_2.java,0,0,0
75076,20,HttpRefresher_6,0,0,0
75076,21,SnapshotMarkerMessage_11.java,0,0,0
75076,21,MutationMessage_10.java,0,0,0
75076,21,MutationMessage_10.java,0,0,0
75076,21,DefaultConfigurationProvider_1.java,0,0,0
75076,21,DefaultConfigurationProvider_2.java,0,0,0
75076,21,HttpRefresher_6,0,0,0
75374,1,QueryHandlerTest_1.java,0,1,0
75374,1,QueryHandlerTest_1.java,0,1,0
75374,1,QueryHandlerTest_1.java,0,1,0
75374,1,QueryHandlerTest_1.java,0,1,0
75374,1,QueryHandlerTest_1.java,0,1,0
75374,1,QueryHandlerTest_1.java,0,1,0
75374,1,QueryHandlerTest_1.java,0,1,0
75374,1,QueryHandlerTest_1.java,0,1,0
75374,2,QueryHandlerTest_1.java,0,1,0
75374,2,QueryHandlerTest_1.java,0,1,0
75374,2,QueryHandlerTest_1.java,0,1,0
75374,2,QueryHandlerTest_1.java,0,1,0
75374,2,QueryHandlerTest_1.java,0,1,0
75374,2,QueryHandlerTest_1.java,0,1,0
75374,2,QueryHandlerTest_1.java,0,1,0
75374,2,QueryHandlerTest_1.java,0,1,0
75374,3,QueryHandlerTest_1.java,0,1,0
75374,3,QueryHandlerTest_1.java,0,1,0
75374,3,QueryHandlerTest_1.java,0,1,0
75374,3,QueryHandlerTest_1.java,0,1,0
75374,3,QueryHandlerTest_1.java,0,1,0
75374,3,QueryHandlerTest_1.java,0,1,0
75374,3,QueryHandlerTest_1.java,0,1,0
75374,3,QueryHandlerTest_1.java,0,1,0
75858,1,CouchbaseCore_0.java,0,0,0
75858,1,CouchbaseCore_0.java,0,0,1
75858,2,CouchbaseCore_0_rev_1.java,0,0,0
75858,2,CouchbaseCore_0_rev_1.java,0,0,1
75858,3,CouchbaseCore_0_rev_1.java,0,0,0
75858,3,CouchbaseCore_0_rev_1.java,0,0,1
75858,4,CouchbaseCore_0_rev_1.java,0,0,0
75858,4,CouchbaseCore_0_rev_1.java,0,0,1
76055,1,QueryHandlerV2Test_3.java,0,1,1
76055,1,QueryHandlerV2Test_3.java,0,1,1
76055,1,QueryHandlerV2Test_3.java,0,1,1
76055,1,QueryHandlerV2Test_3.java,0,1,1
76055,1,QueryHandlerV2Test_3.java,0,1,1
76055,1,QueryHandlerV2Test_3.java,0,1,1
76055,1,QueryHandlerV2Test_3.java,0,1,1
76055,1,QueryHandlerV2Test_3.java,0,1,1
76055,1,QueryHandlerV2Test_3.java,0,1,1
76055,1,QueryHandlerV2Test_3.java,0,1,1
76055,1,QueryHandlerV2Test_3.java,0,1,1
76055,1,QueryHandlerV2Test_3.java,0,1,1
76055,1,QueryHandlerV2Test_3.java,0,1,1
76055,1,QueryHandlerV2Test_3.java,0,1,1
76055,1,YasjlQueryResponseParser_0.java,0,0,0
76055,2,QueryHandlerV2Test_3.java,0,1,1
76055,2,QueryHandlerV2Test_3.java,0,1,1
76055,2,QueryHandlerV2Test_3.java,0,1,1
76055,2,QueryHandlerV2Test_3.java,0,1,1
76055,2,QueryHandlerV2Test_3.java,0,1,1
76055,2,QueryHandlerV2Test_3.java,0,1,1
76055,2,QueryHandlerV2Test_3.java,0,1,1
76055,2,QueryHandlerV2Test_3.java,0,1,1
76055,2,QueryHandlerV2Test_3.java,0,1,1
76055,2,QueryHandlerV2Test_3.java,0,1,1
76055,2,QueryHandlerV2Test_3.java,0,1,1
76055,2,QueryHandlerV2Test_3.java,0,1,1
76055,2,QueryHandlerV2Test_3.java,0,1,1
76055,2,QueryHandlerV2Test_3.java,0,1,1
76055,2,YasjlQueryResponseParser_0.java,0,0,0
76091,1,KeyValueHandler_0.java,0,0,0
76934,2,CarrierRefresher_1.java,0,0,0
76934,2,CarrierRefresher_1.java,0,0,0
76934,3,CarrierRefresher_1.java,0,0,0
76934,3,CarrierRefresher_1.java,0,0,0
76934,4,CarrierRefresher_1.java,0,0,0
76934,4,CarrierRefresher_1.java,0,0,0
78236,3,CouchbaseNode_1.java,0,0,0
78236,4,CouchbaseNode_1.java,0,0,0
78236,5,CouchbaseNode_1.java,0,0,0
78236,6,CouchbaseNode_1.java,0,0,0
79445,1,KeyValueHandler_2.java,0,0,0
79445,2,KeyValueHandler_2.java,0,0,0
79445,3,KeyValueHandler_2,0,0,0
79445,4,KeyValueHandler_2,0,0,0
79445,5,KeyValueHandler_2,0,0,0
79445,6,KeyValueHandler_2,0,0,0
79445,7,KeyValueHandler_2,0,0,0
80214,1,DefaultCouchbaseBucketConfigTest_0.java,0,1,0
80214,1,DefaultCouchbaseBucketConfigTest_0.java,0,1,0
80214,1,DefaultCouchbaseBucketConfigTest_0.java,0,1,0
80214,1,DefaultCouchbaseBucketConfigTest_0.java,0,1,0
80214,1,DefaultCouchbaseBucketConfigTest_0.java,0,1,0
80214,1,DefaultCouchbaseBucketConfigTest_0.java,0,1,0
81247,1,AbstractEndpointTest_1.java,0,1,0
81247,2,AbstractEndpointTest_1.java,0,1,0
81247,3,AbstractEndpointTest_1.java,0,1,0
82441,1,KeyValueHandler_0.java,0,0,0
82441,2,KeyValueHandler_0.java,0,0,0
82956,1,YasjlQueryResponseParser_1.java,1,0,0
82956,2,YasjlQueryResponseParser_1.java,1,0,0
83079,1,CouchbaseCore_0.java,0,0,0
83079,2,CouchbaseCore_0.java,0,0,0
83079,3,CouchbaseCore_0.java,0,0,0
83079,4,CouchbaseCore_0.java,0,0,0
83079,5,CouchbaseCore_0.java,0,0,0
83079,6,CouchbaseCore_0.java,0,0,0
83079,7,CouchbaseCore_0.java,0,0,0
83079,8,CouchbaseCore_0.java,0,0,0
83079,9,CouchbaseCore_0.java,0,0,0
83079,10,CouchbaseCore_0.java,0,0,0
83181,1,SubdocumentDocumentFlagsTests_0.java,0,1,0
83181,1,SubdocumentDocumentFlagsTests_0.java,0,1,0
83181,1,SubdocumentDocumentFlagsTests_0.java,0,1,0
83181,1,SubdocumentDocumentFlagsTests_0.java,0,1,0
83181,1,SubdocumentDocumentFlagsTests_0.java,0,1,0
83181,1,SubdocumentDocumentFlagsTests_0.java,0,1,0
83181,2,SubdocumentDocumentFlagsTests_0.java,0,1,0
83181,2,SubdocumentDocumentFlagsTests_0.java,0,1,0
83181,2,SubdocumentDocumentFlagsTests_0.java,0,1,0
83181,2,SubdocumentDocumentFlagsTests_0.java,0,1,0
83181,2,SubdocumentDocumentFlagsTests_0.java,0,1,0
83181,2,SubdocumentDocumentFlagsTests_0.java,0,1,0
83181,3,SubdocumentDocumentFlagsTests_0.java,0,1,0
83181,3,SubdocumentDocumentFlagsTests_0.java,0,1,0
83181,3,SubdocumentDocumentFlagsTests_0.java,0,1,0
83181,3,SubdocumentDocumentFlagsTests_0.java,0,1,0
83181,3,SubdocumentDocumentFlagsTests_0.java,0,1,0
83181,3,SubdocumentDocumentFlagsTests_0.java,0,1,0
83181,4,SubdocumentDocumentFlagsTests_0.java,0,1,0
83181,4,SubdocumentDocumentFlagsTests_0.java,0,1,0
83181,4,SubdocumentDocumentFlagsTests_0.java,0,1,0
83181,4,SubdocumentDocumentFlagsTests_0.java,0,1,0
83181,4,SubdocumentDocumentFlagsTests_0.java,0,1,0
83181,4,SubdocumentDocumentFlagsTests_0.java,0,1,0
84190,1,DefaultPortInfo_0.java,0,0,0
84190,2,DefaultPortInfo_0.java,0,0,0
84270,2,CouchbaseNodeTest_0.java,0,1,0
84270,2,CouchbaseNodeTest_0.java,0,1,0
84270,3,CouchbaseNodeTest_0.java,0,1,0
84270,3,CouchbaseNodeTest_0.java,0,1,0
84747,1,DefaultCoreEnvironment_1.java,0,0,0
84747,2,DefaultCoreEnvironment_1.java,0,0,0
84747,3,DefaultCoreEnvironment_1.java,0,0,0
85183,1,ConnectionString_1.java,0,0,0
85183,2,ConnectionString_1.java,0,0,0
85589,1,DefaultMemcachedBucketConfigTest_2.java,0,1,0
85589,1,DefaultCouchbaseBucketConfigTest_1.java,0,1,0
85589,2,DefaultMemcachedBucketConfigTest_2,0,1,0
85589,2,DefaultCouchbaseBucketConfigTest_1,0,1,0
85589,2,DefaultNodeInfoTest_4.java,0,1,0
85589,2,DefaultNodeInfoTest_4.java,0,1,0
85589,3,DefaultMemcachedBucketConfigTest_2,0,1,0
85589,3,DefaultCouchbaseBucketConfigTest_1,0,1,0
85589,3,DefaultNodeInfoTest_4.java,0,1,0
85589,3,DefaultNodeInfoTest_4.java,0,1,0
85589,4,DefaultMemcachedBucketConfigTest_2,0,1,0
85589,4,DefaultCouchbaseBucketConfigTest_1,0,1,0
85589,4,DefaultNodeInfoTest_4.java,0,1,0
85589,4,DefaultNodeInfoTest_4.java,0,1,0
86386,1,AbstractEndpoint_0.java,0,0,0
86386,2,LogRedactionTest_1.java,0,1,0
86386,2,LogRedactionTest_1.java,0,1,0
86386,2,AbstractEndpoint_0_rev_1.java,0,0,0
86386,3,LogRedactionTest_1.java,0,1,0
86386,3,LogRedactionTest_1.java,0,1,0
86386,3,AbstractEndpoint_0_rev_1.java,0,0,0
86658,3,QueryHandler_2.java,0,0,1
86658,3,QueryHandler_2.java,0,0,1
86658,3,QueryHandler_2.java,0,0,1
86658,3,QueryHandler_2.java,0,0,1
86658,3,QueryHandler_2.java,0,0,1
86658,3,QueryHandlerV2_3.java,0,0,0
86658,3,QueryHandlerV2_3.java,0,0,1
86658,3,QueryHandlerV2_3.java,0,0,1
86658,3,QueryHandlerV2_3.java,0,0,1
86658,3,QueryHandlerV2_3.java,0,0,1
86658,4,QueryHandler_2.java,0,0,1
86658,4,QueryHandler_2.java,0,0,1
86658,4,QueryHandler_2.java,0,0,1
86658,4,QueryHandler_2.java,0,0,1
86658,4,QueryHandler_2.java,0,0,1
86658,4,QueryHandler_2,0,0,1
86658,4,QueryHandler_2,0,0,1
86658,4,QueryHandler_2,0,0,1
86658,4,QueryHandler_2,0,0,1
86658,4,QueryHandler_2,0,0,1
86658,4,QueryHandler_2,0,0,0
86658,4,QueryHandler_2,0,0,1
86658,4,QueryHandler_2,0,0,1
86658,4,QueryHandler_2,0,0,1
86658,4,QueryHandler_2,0,0,1
86658,5,QueryHandler_2,0,0,0
86658,5,QueryHandler_2,0,0,1
86658,5,QueryHandler_2,0,0,1
86658,5,QueryHandler_2,0,0,1
86658,5,QueryHandler_2,0,0,1
86658,5,QueryHandler_2,0,0,1
86658,5,QueryHandler_2,0,0,1
86658,5,QueryHandler_2,0,0,1
86658,5,QueryHandler_2,0,0,1
86658,5,QueryHandler_2,0,0,1
86658,5,QueryHandler_2,0,0,1
86658,5,QueryHandler_2,0,0,1
86658,5,QueryHandler_2,0,0,1
86658,5,QueryHandler_2,0,0,1
86658,5,QueryHandler_2,0,0,1
86658,5,ViewHandler_6.java,0,0,0
86658,5,ViewHandler_6.java,0,0,1
86658,5,ViewHandler_6.java,0,0,1
86658,5,ViewHandler_6.java,0,0,1
86658,5,ViewHandler_6.java,0,0,1
86658,5,QueryHandler_2,0,0,1
86658,5,QueryHandler_2,0,0,1
86658,5,QueryHandler_2,0,0,1
86658,5,QueryHandler_2,0,0,1
86658,5,QueryHandler_2,0,0,1
86658,6,QueryHandler_2,0,0,0
86658,6,QueryHandler_2,0,0,1
86658,6,QueryHandler_2,0,0,1
86658,6,QueryHandler_2,0,0,1
86658,6,QueryHandler_2,0,0,1
86658,6,QueryHandler_2,0,0,1
86658,6,QueryHandler_2,0,0,1
86658,6,QueryHandler_2,0,0,1
86658,6,QueryHandler_2,0,0,1
86658,6,QueryHandler_2,0,0,1
86658,6,QueryHandler_2,0,0,1
86658,6,QueryHandler_2,0,0,1
86658,6,QueryHandler_2,0,0,1
86658,6,QueryHandler_2,0,0,1
86658,6,QueryHandler_2,0,0,1
86658,6,ViewHandler_6.java,0,0,0
86658,6,ViewHandler_6.java,0,0,1
86658,6,ViewHandler_6.java,0,0,1
86658,6,ViewHandler_6.java,0,0,1
86658,6,ViewHandler_6.java,0,0,1
86658,6,QueryHandler_2,0,0,1
86658,6,QueryHandler_2,0,0,1
86658,6,QueryHandler_2,0,0,1
86658,6,QueryHandler_2,0,0,1
86658,6,QueryHandler_2,0,0,1
86658,7,QueryHandler_2,0,0,0
86658,7,QueryHandler_2,0,0,1
86658,7,QueryHandler_2,0,0,1
86658,7,QueryHandler_2,0,0,1
86658,7,QueryHandler_2,0,0,1
86658,7,QueryHandler_2,0,0,1
86658,7,QueryHandler_2,0,0,1
86658,7,QueryHandler_2,0,0,1
86658,7,QueryHandler_2,0,0,1
86658,7,QueryHandler_2,0,0,1
86658,7,QueryHandler_2,0,0,1
86658,7,QueryHandler_2,0,0,1
86658,7,QueryHandler_2,0,0,1
86658,7,QueryHandler_2,0,0,1
86658,7,QueryHandler_2,0,0,1
86658,7,ViewHandler_6.java,0,0,0
86658,7,ViewHandler_6.java,0,0,1
86658,7,ViewHandler_6.java,0,0,1
86658,7,ViewHandler_6.java,0,0,1
86658,7,ViewHandler_6.java,0,0,1
86658,7,QueryHandler_2,0,0,1
86658,7,QueryHandler_2,0,0,1
86658,7,QueryHandler_2,0,0,1
86658,7,QueryHandler_2,0,0,1
86658,7,QueryHandler_2,0,0,1
86658,8,ViewHandler_6,0,0,0
86658,8,ViewHandler_6,0,0,1
86658,8,ViewHandler_6,0,0,1
86658,8,ViewHandler_6,0,0,1
86658,8,ViewHandler_6,0,0,1
86658,8,QueryHandler_2,0,0,1
86658,8,QueryHandler_2,0,0,1
86658,8,QueryHandler_2,0,0,1
86658,8,QueryHandler_2,0,0,1
86658,8,QueryHandler_2,0,0,1
86658,8,QueryHandler_2.java,0,0,1
86658,8,QueryHandler_2.java,0,0,1
86658,8,QueryHandler_2.java,0,0,1
86658,8,QueryHandler_2.java,0,0,1
86658,8,QueryHandler_2.java,0,0,1
86658,8,QueryHandler_2,0,0,1
86658,8,QueryHandler_2,0,0,1
86658,8,QueryHandler_2,0,0,1
86658,8,QueryHandler_2,0,0,1
86658,8,QueryHandler_2,0,0,1
86658,8,QueryHandler_2,0,0,0
86658,8,QueryHandler_2,0,0,1
86658,8,QueryHandler_2,0,0,1
86658,8,QueryHandler_2,0,0,1
86658,8,QueryHandler_2,0,0,1
89062,3,BucketConfigParser_0.java,0,0,0
89062,4,BucketConfigParser_0.java,0,0,0
89252,3,KeyValueHandlerTest_7.java,0,1,0
89252,4,KeyValueHandlerTest_7.java,0,1,0
89252,5,KeyValueHandlerTest_7.java,0,1,0
90061,1,YasjlQueryResponseParser_1.java,0,0,1
90061,2,YasjlQueryResponseParser_1.java,0,0,1
90061,3,YasjlQueryResponseParser_1.java,0,0,1
90417,1,BucketConfigParser_0.java,0,0,0
90417,2,BucketConfigParser_0.java,0,0,0
90441,1,BucketConfigParser_0.java,0,0,0
90441,2,BucketConfigParser_0.java,0,0,0
90566,1,ConnectionStringTest_1.java,0,1,0
90566,2,ConnectionStringTest_1.java,0,1,0
90566,3,ConnectionStringTest_1.java,0,1,0
90566,4,ConnectionStringTest_1_rev_3.java,0,1,0
90566,5,ConnectionStringTest_1_rev_3.java,0,1,0
91649,2,DefaultMemcachedBucketConfigTest_1.java,0,1,0
91649,2,DefaultMemcachedBucketConfigTest_0.java,0,1,1
91649,2,DefaultMemcachedBucketConfigTest_0.java,0,1,1
91649,2,DefaultMemcachedBucketConfigTest_0.java,0,1,1
91649,2,DefaultMemcachedBucketConfigTest_0.java,0,1,1
91649,2,DefaultMemcachedBucketConfigTest_0.java,0,1,1
91649,2,DefaultMemcachedBucketConfigTest_0.java,0,1,1
91649,2,DefaultMemcachedBucketConfigTest_0.java,0,1,1
91673,1,Observe_1.java,0,0,0
91673,2,Observe_1.java,0,0,0
91673,3,Observe_1.java,0,0,0
91673,4,Observe_1.java,0,0,0
91686,1,SearchHandler_1.java,0,0,1
91686,1,AnalyticsHandler_0.java,0,0,1
91686,1,ViewHandler_2.java,0,0,1
91686,2,SearchHandler_1.java,0,0,1
91686,3,SearchHandler_1.java,0,0,1
91686,4,SearchHandler_1.java,0,0,1
91757,1,BucketConfigParser_0.java,0,0,0
91757,2,BucketConfigParser_0.java,0,0,0
91920,1,ConnectionStringTest_1.java,0,1,0
91920,2,ConnectionStringTest_1.java,0,1,0
93414,1,CouchbaseNode_1.java,0,0,0
93414,2,CouchbaseNode_1.java,0,0,0
93414,3,CouchbaseNode_1.java,0,0,0
93503,1,CouchbaseNode_1.java,0,0,0
93503,2,CouchbaseNode_1.java,0,0,0
93868,1,PooledServiceTest_0.java,0,1,0
93868,2,PooledServiceTest_0.java,0,1,0
93868,3,PooledServiceTest_0.java,0,1,0
93868,4,PooledServiceTest_0.java,0,1,0
95133,1,PooledServiceTest_0.java,0,1,0
95133,2,PooledServiceTest_0.java,0,1,0
95413,4,DefaultNodeInfo_13.java,0,0,0
95413,5,DefaultNodeInfo_13.java,0,0,0
95413,6,DefaultNodeInfo_13.java,0,0,0
95413,7,DefaultNodeInfo_12.java,0,0,0
95413,8,DefaultNodeInfo_12.java,0,0,0
95413,9,DefaultNodeInfo_12.java,0,0,0
95413,10,DefaultNodeInfo_12.java,0,0,0
95413,11,DefaultNodeInfo_12.java,0,0,0
95759,4,DefaultCoreEnvironment_2.java,0,0,0
95759,5,DefaultCoreEnvironment_2_rev_4.java,0,0,0
95759,6,DefaultCoreEnvironment_2_rev_4.java,0,0,0
96319,1,DefaultCoreEnvironment_2.java,0,0,0
96319,2,DefaultCoreEnvironment_2.java,0,0,0
96319,3,DefaultCoreEnvironment_2.java,0,0,0
97388,1,AnalyticsEndpoint_0.java,0,0,1
99199,1,AbstractBucketConfig_0.java,0,0,0
99601,1,AbstractOnDemandService_2.java,0,0,1
99601,1,AbstractOnDemandService_2.java,0,0,1
99601,1,AbstractOnDemandService_2.java,0,0,1
99601,2,AbstractOnDemandService_2.java,0,0,1
99601,2,AbstractOnDemandService_2.java,0,0,1
99601,2,AbstractOnDemandService_2.java,0,0,1
99601,3,AbstractOnDemandServiceTest_3.java,0,1,0
99601,3,AbstractOnDemandServiceTest_3.java,0,1,1
99601,3,AbstractOnDemandService_2.java,0,0,1
99601,3,AbstractOnDemandService_2.java,0,0,1
99601,3,AbstractOnDemandService_2.java,0,0,1
99601,4,AbstractOnDemandServiceTest_3.java,0,1,0
99601,4,AbstractOnDemandServiceTest_3.java,0,1,1
99601,4,AbstractOnDemandService_2.java,0,0,1
99601,4,AbstractOnDemandService_2.java,0,0,1
99601,4,AbstractOnDemandService_2.java,0,0,1
99608,1,AbstractOnDemandService_2.java,0,0,1
99608,1,AbstractOnDemandService_2.java,0,0,1
99608,1,AbstractOnDemandService_2.java,0,0,1
100789,1,AnalyticsEndpoint_0.java,0,0,1
100789,2,AnalyticsEndpoint_0.java,0,0,1
100789,3,AnalyticsEndpoint_0.java,0,0,1
100789,4,AnalyticsEndpoint_0.java,0,0,1
100789,5,AnalyticsEndpoint_0.java,0,0,1
100789,6,AnalyticsEndpoint_0.java,0,0,1
100789,7,AnalyticsEndpoint_0.java,0,0,1
100789,8,AnalyticsEndpoint_0.java,0,0,1
102178,1,QueryHandlerV2Test_0.java,0,1,1
102178,1,QueryHandlerV2Test_0.java,0,1,1
102178,1,QueryHandlerV2Test_0.java,0,1,1
102178,1,QueryHandlerV2Test_0.java,0,1,1
102178,2,QueryHandlerV2Test_0.java,0,1,1
102178,2,QueryHandlerV2Test_0.java,0,1,1
102178,2,QueryHandlerV2Test_0.java,0,1,1
102178,2,QueryHandlerV2Test_0.java,0,1,1
108217,1,HttpRefresher_2.java,0,0,0
108217,1,HttpRefresher_1.java,0,0,0
108217,2,HttpRefresher_2.java,0,0,0
108217,2,HttpRefresher_1.java,0,0,0
108217,3,HttpRefresher_2.java,0,0,0
108217,3,HttpRefresher_1.java,0,0,0
108217,4,HttpRefresher_1,0,0,0
108217,4,HttpRefresher_2,0,0,0
108217,4,HttpRefresher_4.java,0,0,1
108217,4,HttpRefresher_4.java,0,0,1
108217,4,HttpRefresher_4.java,0,0,1
108217,5,HttpRefresher_1,0,0,0
108217,5,HttpRefresher_2,0,0,0
108217,5,HttpRefresher_4.java,0,0,1
108217,5,HttpRefresher_4.java,0,0,1
108217,5,HttpRefresher_4.java,0,0,1
108217,6,HttpRefresher_1,0,0,0
108217,6,HttpRefresher_2,0,0,0
108217,6,HttpRefresher_4.java,0,0,1
108217,6,HttpRefresher_4.java,0,0,1
108217,6,HttpRefresher_4.java,0,0,1
110030,1,ViewLocatorTest_5.java,0,1,0
110030,2,ViewLocatorTest_5.java,0,1,0
110030,3,ViewLocatorTest_5.java,0,1,0
110030,4,ViewLocatorTest_5.java,0,1,0
112227,1,ViewHandlerTest_8.java,0,1,0
112227,1,ViewHandlerTest_8.java,0,1,1
112227,1,ViewHandlerTest_8.java,0,1,1
112227,1,ViewHandlerTest_8.java,0,1,1
112227,1,ViewHandlerTest_8.java,0,1,1
112227,1,KeyValueHandlerTest_1.java,0,1,0
112227,1,ViewHandlerTest_9.java,0,1,0
112227,1,ViewHandlerTest_9.java,0,1,1
112227,1,ViewHandlerTest_9.java,0,1,1
112227,1,ViewHandlerTest_9.java,0,1,1
112227,1,ViewHandlerTest_9.java,0,1,1
112227,1,QueryHandlerV2Test_3.java,0,1,1
112227,1,QueryHandlerV2Test_3.java,0,1,1
112227,1,QueryHandlerV2Test_3.java,0,1,1
112227,1,QueryHandlerV2Test_3.java,0,1,1
112227,1,QueryHandlerV2Test_3.java,0,1,1
112227,1,QueryHandlerV2Test_4.java,0,1,0
112227,1,QueryHandlerV2Test_4.java,0,1,1
112227,1,QueryHandlerV2Test_4.java,0,1,1
112227,1,QueryHandlerV2Test_4.java,0,1,1
112227,1,QueryHandlerV2Test_2.java,0,1,0
112227,1,QueryHandlerV2Test_2.java,0,1,1
112227,1,QueryHandlerV2Test_2.java,0,1,1
112227,1,QueryHandlerV2Test_2.java,0,1,1
112227,1,QueryHandlerV2Test_2.java,0,1,1
112227,1,SearchHandlerTest_6.java,0,1,0
112227,1,SearchHandlerTest_6.java,0,1,1
112227,1,SearchHandlerTest_6.java,0,1,1
112227,1,SearchHandlerTest_6.java,0,1,1
112227,2,ViewHandlerTest_8.java,0,1,0
112227,2,ViewHandlerTest_8.java,0,1,1
112227,2,ViewHandlerTest_8.java,0,1,1
112227,2,ViewHandlerTest_8.java,0,1,1
112227,2,ViewHandlerTest_8.java,0,1,1
112227,2,KeyValueHandlerTest_1.java,0,1,0
112227,2,ViewHandlerTest_9.java,0,1,0
112227,2,ViewHandlerTest_9.java,0,1,1
112227,2,ViewHandlerTest_9.java,0,1,1
112227,2,ViewHandlerTest_9.java,0,1,1
112227,2,ViewHandlerTest_9.java,0,1,1
112227,2,ViewHandlerTest_9,0,1,1
112227,2,ViewHandlerTest_9,0,1,1
112227,2,ViewHandlerTest_9,0,1,1
112227,2,ViewHandlerTest_9,0,1,1
112227,2,ViewHandlerTest_9,0,1,1
112227,2,QueryHandlerV2Test_4.java,0,1,0
112227,2,QueryHandlerV2Test_4.java,0,1,1
112227,2,QueryHandlerV2Test_4.java,0,1,1
112227,2,QueryHandlerV2Test_4.java,0,1,1
112227,2,QueryHandlerV2Test_2.java,0,1,0
112227,2,QueryHandlerV2Test_2.java,0,1,1
112227,2,QueryHandlerV2Test_2.java,0,1,1
112227,2,QueryHandlerV2Test_2.java,0,1,1
112227,2,QueryHandlerV2Test_2.java,0,1,1
112227,2,SearchHandlerTest_6.java,0,1,0
112227,2,SearchHandlerTest_6.java,0,1,1
112227,2,SearchHandlerTest_6.java,0,1,1
112227,2,SearchHandlerTest_6.java,0,1,1
112563,1,ConnectionStringTest_1.java,0,1,0
112563,1,ConnectionStringTest_2.java,0,1,0
112563,2,ConnectionStringTest_1.java,0,1,0
112563,2,ConnectionStringTest_2.java,0,1,0
112563,3,ConnectionStringTest_1.java,0,1,0
112563,3,ConnectionStringTest_2.java,0,1,0
112563,4,ConnectionStringTest_1.java,0,1,0
112563,4,ConnectionStringTest_2.java,0,1,0
112563,5,ConnectionStringTest_1.java,0,1,0
112563,5,ConnectionStringTest_2.java,0,1,0
146054,1,AbstractGenericHandler_0.java,0,0,0
146054,2,AbstractGenericHandler_0.java,0,0,0
146054,3,AbstractGenericHandler_0.java,0,0,0
162678,1,Observe_0.java,0,0,1
